{
  "schemaVersion": "1.0.0",
  "id": "08c2e470-e64f-4bd9-bf3c-dc3c8b9d044d",
  "title": "VRF - Step 23",
  "status": "DRAFT",
  "version": null,
  "previousVersion": null,
  "assignees": [],
  "tags": [],
  "duplicatedFromEntity": null,
  "metadata": {
    "index": "0",
    "createdAt": "1970-01-01T00:00:00.000Z",
    "lastUpdatedAt": "1970-01-01T00:00:00.000Z",
    "createdByRoleId": "44444444-4444-4444-4444-444444444444",
    "lastUpdatedByRoleId": "44444444-4444-4444-4444-444444444444",
    "editors": []
  },
  "reviewConfig": null,
  "collections": null,
  "type": "STEP",
  "description": null,
  "recordReviewConfig": null,
  "recordCollections": null,
  "subType": "DATA",
  "recordConfig": {
    "allowMultiple": false,
    "fields": {},
    "pageContent": [
      {
        "id": "9c0c5eef-8bc5-4705-9b24-6d465605583a",
        "type": "p",
        "align": "justify",
        "children": [
          {
            "text": "Once target volume has been collected, close the feed valve between the feed pressure vessel and Shield filter. "
          }
        ]
      },
      {
        "id": "b94bc4ef-89a3-4f2f-a461-602076dc3061",
        "type": "p",
        "align": "justify",
        "children": [
          {
            "text": "Close the green pressure tap, depressurise the regulator and vent feed vessel by opening the air vent on the tank"
          }
        ]
      }
    ]
  },
  "tableView": {
    "properties": []
  }
}