{
  "schemaVersion": "1.0.0",
  "id": "23a027f2-54b4-4763-a190-e3a10f3eeb57",
  "title": "VRF - Step 14",
  "status": "DRAFT",
  "version": null,
  "previousVersion": null,
  "assignees": [],
  "tags": [],
  "duplicatedFromEntity": null,
  "metadata": {
    "index": "0",
    "createdAt": "1970-01-01T00:00:00.000Z",
    "lastUpdatedAt": "1970-01-01T00:00:00.000Z",
    "createdByRoleId": "44444444-4444-4444-4444-444444444444",
    "lastUpdatedByRoleId": "44444444-4444-4444-4444-444444444444",
    "editors": []
  },
  "reviewConfig": null,
  "collections": null,
  "type": "STEP",
  "description": null,
  "recordReviewConfig": null,
  "recordCollections": null,
  "subType": "DATA",
  "recordConfig": {
    "allowMultiple": false,
    "fields": {},
    "pageContent": [
      {
        "id": "9b0c2f12-4227-4b41-8dda-ab3159d4998c",
        "type": "p",
        "children": [
          {
            "text": "Open the air vent on the feed pressure vessel."
          }
        ]
      },
      {
        "id": "cd277685-436b-41e2-81c0-f97fbbfc0ae4",
        "type": "p",
        "children": [
          {
            "text": "Note: This should be pointing outwards."
          }
        ]
      }
    ]
  },
  "tableView": {
    "properties": []
  }
}