{
  "schemaVersion": "1.0.0",
  "id": "2721c826-d304-4493-86f0-d4c9ede65e66",
  "title": "VRF - Step 27",
  "status": "DRAFT",
  "version": null,
  "previousVersion": null,
  "assignees": [],
  "tags": [],
  "duplicatedFromEntity": null,
  "metadata": {
    "index": "0",
    "createdAt": "1970-01-01T00:00:00.000Z",
    "lastUpdatedAt": "1970-01-01T00:00:00.000Z",
    "createdByRoleId": "44444444-4444-4444-4444-444444444444",
    "lastUpdatedByRoleId": "44444444-4444-4444-4444-444444444444",
    "editors": []
  },
  "reviewConfig": null,
  "collections": null,
  "type": "STEP",
  "description": null,
  "recordReviewConfig": null,
  "recordCollections": null,
  "subType": "DATA",
  "recordConfig": {
    "allowMultiple": false,
    "fields": {},
    "pageContent": [
      {
        "id": "c841a1dc-6415-4247-b350-9945254e40dc",
        "type": "p",
        "children": [
          {
            "text": "Open the feed valve between the Shield filter and the feed vessel."
          }
        ]
      }
    ]
  },
  "tableView": {
    "properties": []
  }
}