{
  "schemaVersion": "1.0.0",
  "id": "2c52b224-ca42-40f6-8e7d-82dddac4e67b",
  "title": "VRF - Step 31",
  "status": "DRAFT",
  "version": null,
  "previousVersion": null,
  "assignees": [],
  "tags": [],
  "duplicatedFromEntity": null,
  "metadata": {
    "index": "0",
    "createdAt": "1970-01-01T00:00:00.000Z",
    "lastUpdatedAt": "1970-01-01T00:00:00.000Z",
    "createdByRoleId": "44444444-4444-4444-4444-444444444444",
    "lastUpdatedByRoleId": "44444444-4444-4444-4444-444444444444",
    "editors": []
  },
  "reviewConfig": null,
  "collections": null,
  "type": "STEP",
  "description": null,
  "recordReviewConfig": null,
  "recordCollections": null,
  "subType": "DATA",
  "recordConfig": {
    "allowMultiple": false,
    "fields": {
      "Select": {
        "id": "b5a75090-d230-4ffb-bf70-9c1b3e885603",
        "type": "SELECT",
        "value": null,
        "config": {
          "allowMultiple": false,
          "selectOptions": [
            "Yes",
            "No"
          ]
        },
        "dataType": "SELECT"
      }
    },
    "pageContent": [
      {
        "id": "6ac56a48-c0de-4485-aaff-7a0764a81a1c",
        "type": "p",
        "children": [
          {
            "text": "Is the Shield filter equilibrated? "
          }
        ]
      },
      {
        "id": "616714a1-75d7-46bf-befb-d9db53661c99",
        "type": "field",
        "fieldId": "b5a75090-d230-4ffb-bf70-9c1b3e885603",
        "children": [
          {
            "text": ""
          }
        ]
      },
      {
        "id": "87bd4fd1-9bda-4e5d-88bb-50a239310968",
        "type": "p",
        "align": "justify",
        "children": [
          {
            "bold": true,
            "text": "If No, seek technical advice."
          }
        ]
      },
      {
        "id": "da5f8a1c-df56-4bdd-9363-2167c9832be9",
        "type": "p",
        "align": "justify",
        "children": [
          {
            "text": "If Yes, proceed to step 41."
          }
        ]
      }
    ]
  },
  "tableView": {
    "properties": [
      {
        "id": "72a84f92-734b-44f9-b30e-b4d2e0e99249",
        "type": "FIELD",
        "fieldId": "b5a75090-d230-4ffb-bf70-9c1b3e885603"
      }
    ]
  }
}