{
  "schemaVersion": "1.0.0",
  "id": "32ef68a8-5f5c-4126-849b-b2bbc434aeaf",
  "title": "VRF - Step 7",
  "status": "DRAFT",
  "version": null,
  "previousVersion": null,
  "assignees": [],
  "tags": [],
  "duplicatedFromEntity": null,
  "metadata": {
    "index": "0",
    "createdAt": "1970-01-01T00:00:00.000Z",
    "lastUpdatedAt": "1970-01-01T00:00:00.000Z",
    "createdByRoleId": "44444444-4444-4444-4444-444444444444",
    "lastUpdatedByRoleId": "44444444-4444-4444-4444-444444444444",
    "editors": []
  },
  "reviewConfig": null,
  "collections": null,
  "type": "STEP",
  "description": null,
  "recordReviewConfig": null,
  "recordCollections": null,
  "subType": "DATA",
  "recordConfig": {
    "allowMultiple": false,
    "fields": {
      "Affix label here": {
        "id": "18ba33cf-9b80-4ddd-820d-10fa76d2b290",
        "type": "REFERENCE",
        "value": null,
        "config": {
          "allowMultiple": false
        },
        "dataType": "ENTITY"
      },
      "Record filtrate expiry time / date": {
        "id": "a7dcdf0f-04aa-49ac-9a62-2404aab7ed6f",
        "type": "DATETIME",
        "value": null,
        "config": {},
        "dataType": "DATETIME"
      }
    },
    "pageContent": [
      {
        "id": "17c2f3c4-3cca-4a3a-9bcb-0c39cf132cec",
        "type": "p",
        "align": "justify",
        "children": [
          {
            "text": "Obtain a Millipore Stericup vacuum filter or similar and paste the filter record label below."
          }
        ]
      },
      {
        "id": "aff4852f-56be-428e-9f93-8a28584c7030",
        "type": "p",
        "align": "justify",
        "children": [
          {
            "text": "Perform filtration of the VRF load using a PES 0.22 µm membrane. "
          }
        ]
      },
      {
        "id": "5f363c02-82c0-455f-aeb4-0f0d453e4e56",
        "type": "p",
        "align": "justify",
        "children": [
          {
            "bold": true,
            "text": "Note: Perform filtration as gentle as possible by starting and stopping the vacuum pump and by tilting the filtration bottle so as the filtrate runs down the side of the collection bottle."
          }
        ]
      },
      {
        "id": "fbc27045-3085-46c4-8855-1b8e6f265d1e",
        "type": "p",
        "children": [
          {
            "text": "ELN Reference: MA - Scanned into ELN (Tick) "
          }
        ]
      },
      {
        "id": "2ff00012-96ff-46c8-8f78-e5640681a61d",
        "type": "p",
        "children": [
          {
            "text": "The thawed material has an expiry of 2 days when kept at 2-8°C."
          }
        ]
      },
      {
        "id": "22af701f-a4a5-4581-86f1-5bacf0b95e1d",
        "type": "field",
        "fieldId": "a7dcdf0f-04aa-49ac-9a62-2404aab7ed6f",
        "children": [
          {
            "text": ""
          }
        ]
      }
    ]
  },
  "tableView": {
    "properties": [
      {
        "id": "0c97efcc-c2eb-44c3-b695-e3dabdbdf46d",
        "type": "FIELD",
        "fieldId": "18ba33cf-9b80-4ddd-820d-10fa76d2b290"
      },
      {
        "id": "19ce3e83-2ce3-469b-87ab-a048321ba927",
        "type": "FIELD",
        "fieldId": "a7dcdf0f-04aa-49ac-9a62-2404aab7ed6f"
      }
    ]
  }
}