{
  "schemaVersion": "1.0.0",
  "id": "34cc0f9b-a4ed-42cf-97e1-572d50d7d71c",
  "title": "VRF - Step 33",
  "status": "DRAFT",
  "version": null,
  "previousVersion": null,
  "assignees": [],
  "tags": [],
  "duplicatedFromEntity": null,
  "metadata": {
    "index": "0",
    "createdAt": "1970-01-01T00:00:00.000Z",
    "lastUpdatedAt": "1970-01-01T00:00:00.000Z",
    "createdByRoleId": "44444444-4444-4444-4444-444444444444",
    "lastUpdatedByRoleId": "44444444-4444-4444-4444-444444444444",
    "editors": []
  },
  "reviewConfig": null,
  "collections": null,
  "type": "STEP",
  "description": null,
  "recordReviewConfig": null,
  "recordCollections": null,
  "subType": "DATA",
  "recordConfig": {
    "allowMultiple": false,
    "fields": {},
    "pageContent": [
      {
        "id": "bb754de4-c1c2-43bc-9488-a250460c91ac",
        "type": "p",
        "align": "justify",
        "children": [
          {
            "text": "Carefully remove the excess buffer from the feed pressure vessel ensuring that no air is introduced into the filter. "
          }
        ]
      },
      {
        "id": "c7a7a745-5047-436d-b05a-e9b10eb60190",
        "type": "p",
        "align": "justify",
        "children": [
          {
            "bold": true,
            "text": "Note: There should be a residual buffer in the vessel outlet to prevent air introduction to the filters."
          }
        ]
      }
    ]
  },
  "tableView": {
    "properties": []
  }
}