{
  "schemaVersion": "1.0.0",
  "id": "60688f76-ffaa-4f0d-8c40-73ced49954bc",
  "title": "VRF - Step 37",
  "status": "DRAFT",
  "version": null,
  "previousVersion": null,
  "assignees": [],
  "tags": [],
  "duplicatedFromEntity": null,
  "metadata": {
    "index": "0",
    "createdAt": "1970-01-01T00:00:00.000Z",
    "lastUpdatedAt": "1970-01-01T00:00:00.000Z",
    "createdByRoleId": "44444444-4444-4444-4444-444444444444",
    "lastUpdatedByRoleId": "44444444-4444-4444-4444-444444444444",
    "editors": []
  },
  "reviewConfig": null,
  "collections": null,
  "type": "STEP",
  "description": null,
  "recordReviewConfig": null,
  "recordCollections": null,
  "subType": "DATA",
  "recordConfig": {
    "allowMultiple": false,
    "fields": {},
    "pageContent": [
      {
        "id": "8e818594-4ecd-47ba-b5a5-b5e2211e905b",
        "type": "p",
        "children": [
          {
            "text": "Place a clean collection PETG on the balance and tare to zero. Position the Shield outlet tubing into the bottle so that filtrate is delivered gently to the bottom and ensure that the silicone tubing does not affect the readings given by the balance."
          }
        ]
      }
    ]
  },
  "tableView": {
    "properties": []
  }
}