{
  "schemaVersion": "1.0.0",
  "id": "631f0d02-0e01-44a7-bf03-a3046338a21d",
  "title": "VRF - Step 19",
  "status": "DRAFT",
  "version": null,
  "previousVersion": null,
  "assignees": [],
  "tags": [],
  "duplicatedFromEntity": null,
  "metadata": {
    "index": "0",
    "createdAt": "1970-01-01T00:00:00.000Z",
    "lastUpdatedAt": "1970-01-01T00:00:00.000Z",
    "createdByRoleId": "44444444-4444-4444-4444-444444444444",
    "lastUpdatedByRoleId": "44444444-4444-4444-4444-444444444444",
    "editors": []
  },
  "reviewConfig": null,
  "collections": null,
  "type": "STEP",
  "description": null,
  "recordReviewConfig": null,
  "recordCollections": null,
  "subType": "DATA",
  "recordConfig": {
    "allowMultiple": false,
    "fields": {},
    "pageContent": [
      {
        "id": "ce3122df-adbd-45f2-b15f-f5a514254c56",
        "type": "p",
        "children": [
          {
            "text": "Place a collection vessel on the balance, tare the balance and clear a timer ready to use."
          }
        ]
      }
    ]
  },
  "tableView": {
    "properties": []
  }
}