{
  "schemaVersion": "1.0.0",
  "id": "63a0948e-91c8-4991-a774-47ed70f3979c",
  "title": "VRF - Step 38",
  "status": "DRAFT",
  "version": null,
  "previousVersion": null,
  "assignees": [],
  "tags": [],
  "duplicatedFromEntity": null,
  "metadata": {
    "index": "0",
    "createdAt": "1970-01-01T00:00:00.000Z",
    "lastUpdatedAt": "1970-01-01T00:00:00.000Z",
    "createdByRoleId": "44444444-4444-4444-4444-444444444444",
    "lastUpdatedByRoleId": "44444444-4444-4444-4444-444444444444",
    "editors": []
  },
  "reviewConfig": null,
  "collections": null,
  "type": "STEP",
  "description": null,
  "recordReviewConfig": null,
  "recordCollections": null,
  "subType": "DATA",
  "recordConfig": {
    "allowMultiple": false,
    "fields": {
      "Open the green pressure tap. Tick when complete": {
        "id": "3dc52238-1467-4b0e-8498-3ab85ef13af6",
        "type": "BOOLEAN",
        "value": null,
        "config": {},
        "dataType": "BOOLEAN"
      },
      "Ensure a timer is cleared and ready for use. Tick when complete": {
        "id": "fcb6b091-27f7-4fb9-b2e5-4fb6a43d265b",
        "type": "BOOLEAN",
        "value": null,
        "config": {},
        "dataType": "BOOLEAN"
      },
      "Open the feed valve connecting the Shield filter to the Feed pressure vessel. Tick when complete": {
        "id": "a3af5d08-b0ad-4b9f-bb28-7cb91a619b6f",
        "type": "BOOLEAN",
        "value": null,
        "config": {},
        "dataType": "BOOLEAN"
      }
    },
    "pageContent": [
      {
        "id": "dd676837-d687-4f8a-af4b-a2f3cc9d4219",
        "type": "p",
        "children": [
          {
            "text": "Checks"
          }
        ]
      },
      {
        "id": "a6a8ac66-d0df-4f0f-8914-d6282c9fbc99",
        "type": "p",
        "children": [
          {
            "text": ""
          }
        ]
      },
      {
        "id": "4f7633ad-acdb-411b-99cd-b0b994d331fd",
        "type": "field",
        "fieldId": "a3af5d08-b0ad-4b9f-bb28-7cb91a619b6f",
        "children": [
          {
            "text": ""
          }
        ]
      },
      {
        "id": "dff3d0df-e4da-4400-912f-b5e03e4f5686",
        "type": "field",
        "fieldId": "3dc52238-1467-4b0e-8498-3ab85ef13af6",
        "children": [
          {
            "text": ""
          }
        ]
      },
      {
        "id": "99e2b2f9-5dbb-4b59-9885-b6ae672616d7",
        "type": "field",
        "fieldId": "fcb6b091-27f7-4fb9-b2e5-4fb6a43d265b",
        "children": [
          {
            "text": ""
          }
        ]
      }
    ]
  },
  "tableView": {
    "properties": [
      {
        "id": "9efb3f61-6111-4d43-9445-bec23cbbcdd6",
        "type": "FIELD",
        "fieldId": "a3af5d08-b0ad-4b9f-bb28-7cb91a619b6f"
      },
      {
        "id": "fda53475-646f-4bfe-aed7-ba2bc9645424",
        "type": "FIELD",
        "fieldId": "3dc52238-1467-4b0e-8498-3ab85ef13af6"
      },
      {
        "id": "217ff9b3-26ea-4c33-a755-ae3f79b233d7",
        "type": "FIELD",
        "fieldId": "fcb6b091-27f7-4fb9-b2e5-4fb6a43d265b"
      }
    ]
  }
}