{
  "schemaVersion": "1.0.0",
  "id": "69a770a6-d190-4599-a093-65e9729f3664",
  "title": "VRF - Step 3",
  "status": "DRAFT",
  "version": null,
  "previousVersion": null,
  "assignees": [],
  "tags": [],
  "duplicatedFromEntity": null,
  "metadata": {
    "index": "0",
    "createdAt": "1970-01-01T00:00:00.000Z",
    "lastUpdatedAt": "1970-01-01T00:00:00.000Z",
    "createdByRoleId": "44444444-4444-4444-4444-444444444444",
    "lastUpdatedByRoleId": "44444444-4444-4444-4444-444444444444",
    "editors": []
  },
  "reviewConfig": null,
  "collections": null,
  "type": "STEP",
  "description": null,
  "recordReviewConfig": null,
  "recordCollections": null,
  "subType": "DATA",
  "recordConfig": {
    "allowMultiple": false,
    "fields": {
      "Reference": {
        "id": "af5bf368-71ed-47d0-a12b-4e738ba2de8c",
        "type": "REFERENCE",
        "value": null,
        "config": {
          "allowMultiple": false
        },
        "dataType": "ENTITY"
      },
      "Thaw/Warm End Time / Date": {
        "id": "8f8dcdb2-8edd-47ce-9237-52a5ffb88252",
        "type": "DATETIME",
        "value": null,
        "config": {},
        "dataType": "DATETIME"
      },
      "Temp of Load °C (Range 17-23°C)": {
        "id": "997850e2-4efc-4845-aed5-75a5724c6a5b",
        "type": "NUMBER",
        "value": null,
        "config": {},
        "dataType": "NUMBER"
      }
    },
    "pageContent": [
      {
        "id": "a8366a6f-19be-41a3-8489-84643b179479",
        "type": "field",
        "fieldId": "8f8dcdb2-8edd-47ce-9237-52a5ffb88252",
        "children": [
          {
            "text": ""
          }
        ]
      },
      {
        "id": "791e4878-73c4-4df9-9f42-d97e3efe4194",
        "type": "field",
        "fieldId": "997850e2-4efc-4845-aed5-75a5724c6a5b",
        "children": [
          {
            "text": ""
          }
        ]
      },
      {
        "id": "53f42c04-f748-4b69-bf59-f8d4206e3b82",
        "type": "p",
        "align": "justify",
        "children": [
          {
            "text": "Thermometer: EQ - Scanned into ELN (Tick) "
          }
        ]
      },
      {
        "id": "65b0e51b-5ab7-4cd6-b8df-6024c169a227",
        "type": "p",
        "align": "justify",
        "children": [
          {
            "text": "Describe the appearance of load in the following table. "
          }
        ]
      },
      {
        "id": "85754c40-422c-4c43-b640-779db7d08418",
        "type": "table",
        "children": [
          {
            "id": "81415fc7-f4f7-4340-a3af-f6d474495494",
            "type": "tr",
            "children": [
              {
                "id": "291737df-dd96-45f3-ba6e-a186a92ad876",
                "type": "td",
                "children": [
                  {
                    "id": "8f7c42e2-5475-4966-9de9-5ce13e5c3196",
                    "type": "p",
                    "align": "justify",
                    "children": [
                      {
                        "text": "Colour"
                      }
                    ]
                  }
                ]
              },
              {
                "id": "83ae9c96-ba6e-4d38-b1b6-fb139f09d79f",
                "type": "td",
                "children": [
                  {
                    "id": "2245809a-8699-42d9-8504-33086efd17de",
                    "type": "p",
                    "children": [
                      {
                        "text": "\n"
                      }
                    ]
                  }
                ]
              }
            ]
          },
          {
            "id": "4c45e9ff-a1be-4f9a-be4d-8b84f59fa58f",
            "type": "tr",
            "children": [
              {
                "id": "94d312fa-8cda-40d1-bab3-911b0ae288db",
                "type": "td",
                "children": [
                  {
                    "id": "f259996a-8f97-474b-bb15-5e5d0ab8889a",
                    "type": "p",
                    "align": "justify",
                    "children": [
                      {
                        "text": "Presence of particulates (Yes/No)"
                      }
                    ]
                  }
                ]
              },
              {
                "id": "b380cea5-68c6-43fa-84f7-c48af3416cd6",
                "type": "td",
                "children": [
                  {
                    "id": "34a60ed0-32cb-45d6-b0a1-43fd860dc1e1",
                    "type": "p",
                    "children": [
                      {
                        "text": "\n"
                      }
                    ]
                  }
                ]
              }
            ]
          },
          {
            "id": "debf3a12-cb2a-4ed8-97cb-7d4b5a376db0",
            "type": "tr",
            "children": [
              {
                "id": "bfffb229-e96b-432a-b18a-aa6626213368",
                "type": "td",
                "children": [
                  {
                    "id": "2c4ecade-7a3c-4c75-8872-439a5342f92b",
                    "type": "p",
                    "align": "justify",
                    "children": [
                      {
                        "text": "Clear or turbid"
                      }
                    ]
                  }
                ]
              },
              {
                "id": "c69362d7-9a95-460c-9e8f-1f4651e10c55",
                "type": "td",
                "children": [
                  {
                    "id": "61156609-f20d-4bf5-9e8d-91758c740591",
                    "type": "p",
                    "children": [
                      {
                        "text": "\n"
                      }
                    ]
                  }
                ]
              }
            ]
          }
        ]
      },
      {
        "id": "7f594fa1-9e3b-4a06-a1dc-293ecdf110fc",
        "type": "p",
        "children": [
          {
            "text": "\n"
          }
        ]
      }
    ]
  },
  "tableView": {
    "properties": [
      {
        "id": "6f981a8f-03f1-47cd-b36b-98be1710f864",
        "type": "FIELD",
        "fieldId": "8f8dcdb2-8edd-47ce-9237-52a5ffb88252"
      },
      {
        "id": "8408bfbe-4e5b-46d0-958b-bb80532c0893",
        "type": "FIELD",
        "fieldId": "997850e2-4efc-4845-aed5-75a5724c6a5b"
      },
      {
        "id": "ae11c682-cc12-4c58-b5e4-53b65451be73",
        "type": "FIELD",
        "fieldId": "af5bf368-71ed-47d0-a12b-4e738ba2de8c"
      }
    ]
  }
}