{
  "schemaVersion": "1.0.0",
  "id": "723c2847-0015-4d88-81b9-5bfc9360a5ad",
  "title": "VRF - Step 28",
  "status": "DRAFT",
  "version": null,
  "previousVersion": null,
  "assignees": [],
  "tags": [],
  "duplicatedFromEntity": null,
  "metadata": {
    "index": "0",
    "createdAt": "1970-01-01T00:00:00.000Z",
    "lastUpdatedAt": "1970-01-01T00:00:00.000Z",
    "createdByRoleId": "44444444-4444-4444-4444-444444444444",
    "lastUpdatedByRoleId": "44444444-4444-4444-4444-444444444444",
    "editors": []
  },
  "reviewConfig": null,
  "collections": null,
  "type": "STEP",
  "description": null,
  "recordReviewConfig": null,
  "recordCollections": null,
  "subType": "DATA",
  "recordConfig": {
    "allowMultiple": false,
    "fields": {},
    "pageContent": [
      {
        "id": "085cc3d1-b645-4253-a740-799bab33f3c8",
        "type": "p",
        "children": [
          {
            "text": "Open the green tap on regulator 3 and ensure a timer a cleared ready for use."
          }
        ]
      }
    ]
  },
  "tableView": {
    "properties": []
  }
}