{
  "schemaVersion": "1.0.0",
  "id": "735a4440-decd-487a-8054-f57f6c5ac10e",
  "title": "VRF - Step 16",
  "status": "DRAFT",
  "version": null,
  "previousVersion": null,
  "assignees": [],
  "tags": [],
  "duplicatedFromEntity": null,
  "metadata": {
    "index": "0",
    "createdAt": "1970-01-01T00:00:00.000Z",
    "lastUpdatedAt": "1970-01-01T00:00:00.000Z",
    "createdByRoleId": "44444444-4444-4444-4444-444444444444",
    "lastUpdatedByRoleId": "44444444-4444-4444-4444-444444444444",
    "editors": []
  },
  "reviewConfig": null,
  "collections": null,
  "type": "STEP",
  "description": null,
  "recordReviewConfig": null,
  "recordCollections": null,
  "subType": "DATA",
  "recordConfig": {
    "allowMultiple": false,
    "fields": {},
    "pageContent": [
      {
        "id": "afa2bb62-049e-4283-80d9-fc35f1161357",
        "type": "p",
        "align": "justify",
        "children": [
          {
            "text": "Open the feed valve between the vessel and the Shield filter. "
          }
        ]
      },
      {
        "id": "56ef867c-89c7-43b0-b2fb-ba9578e8379c",
        "type": "p",
        "align": "justify",
        "children": [
          {
            "text": "Carefully draw fluid from the Shield vent, gently tapping the filter to dislodge air bubbles."
          }
        ]
      },
      {
        "id": "92321493-efa2-4109-9c3a-43d055fc4149",
        "type": "p",
        "children": [
          {
            "text": ""
          }
        ]
      }
    ]
  },
  "tableView": {
    "properties": []
  }
}