{
  "schemaVersion": "1.0.0",
  "id": "7a084baf-b1fb-4d91-b2b6-fd1aeb675e75",
  "title": "VRF - Step 36",
  "status": "DRAFT",
  "version": null,
  "previousVersion": null,
  "assignees": [],
  "tags": [],
  "duplicatedFromEntity": null,
  "metadata": {
    "index": "0",
    "createdAt": "1970-01-01T00:00:00.000Z",
    "lastUpdatedAt": "1970-01-01T00:00:00.000Z",
    "createdByRoleId": "44444444-4444-4444-4444-444444444444",
    "lastUpdatedByRoleId": "44444444-4444-4444-4444-444444444444",
    "editors": []
  },
  "reviewConfig": null,
  "collections": null,
  "type": "STEP",
  "description": null,
  "recordReviewConfig": null,
  "recordCollections": null,
  "subType": "DATA",
  "recordConfig": {
    "allowMultiple": false,
    "fields": {},
    "pageContent": [
      {
        "id": "1cb2b343-5855-445a-85bf-8a05a8c1f51a",
        "type": "p",
        "children": [
          {
            "text": "Connect a piece of silicon tubing to the outlet of the Shield filter and ensure there is enough length to deliver the filtrate gently to the bottom of a PETG bottle placed on the balance."
          }
        ]
      }
    ]
  },
  "tableView": {
    "properties": []
  }
}