{
  "schemaVersion": "1.0.0",
  "id": "7f9757e0-b069-4ae5-b644-583a29b33528",
  "title": "VRF - Step 30",
  "status": "DRAFT",
  "version": null,
  "previousVersion": null,
  "assignees": [],
  "tags": [],
  "duplicatedFromEntity": null,
  "metadata": {
    "index": "0",
    "createdAt": "1970-01-01T00:00:00.000Z",
    "lastUpdatedAt": "1970-01-01T00:00:00.000Z",
    "createdByRoleId": "44444444-4444-4444-4444-444444444444",
    "lastUpdatedByRoleId": "44444444-4444-4444-4444-444444444444",
    "editors": []
  },
  "reviewConfig": null,
  "collections": null,
  "type": "STEP",
  "description": null,
  "recordReviewConfig": null,
  "recordCollections": null,
  "subType": "DATA",
  "recordConfig": {
    "allowMultiple": false,
    "fields": {
      "Number": {
        "id": "06779bfe-07b7-4995-9061-388b6a4476d4",
        "type": "NUMBER",
        "value": null,
        "config": {},
        "dataType": "NUMBER"
      },
      "End time": {
        "id": "096b2622-a231-473e-989a-d24deabf74b3",
        "type": "DATETIME",
        "value": null,
        "config": {},
        "dataType": "DATETIME"
      },
      "Start time": {
        "id": "ff514abc-6cf8-451f-a9fc-9ef098046e09",
        "type": "DATETIME",
        "value": null,
        "config": {},
        "dataType": "DATETIME"
      },
      "Filter effluent pH": {
        "id": "0ef987cf-a91b-4cc3-b7bf-abd63c0b92a1",
        "type": "NUMBER",
        "value": null,
        "config": {},
        "dataType": "NUMBER"
      },
      "Initial Pressure (bar)": {
        "id": "73b1af7c-66d9-4943-8b19-528467c17815",
        "type": "NUMBER",
        "value": null,
        "config": {},
        "dataType": "NUMBER"
      },
      "Equilibration buffer pH": {
        "id": "18fdaf55-2005-4de3-b808-762a24d99430",
        "type": "NUMBER",
        "value": null,
        "config": {},
        "dataType": "NUMBER"
      },
      "Filter effluent temperature °C": {
        "id": "efb9e459-5eae-424b-beb3-110aaac87336",
        "type": "NUMBER",
        "value": null,
        "config": {},
        "dataType": "NUMBER"
      },
      "Volume of buffer collected (mL)": {
        "id": "1cc1027e-0963-4417-88bc-57e666553ad4",
        "type": "NUMBER",
        "value": null,
        "config": {},
        "dataType": "NUMBER"
      },
      "Equilibration buffer temperature °C": {
        "id": "254b9372-ed47-4109-a194-d1c1a4f4adc2",
        "type": "NUMBER",
        "value": null,
        "config": {},
        "dataType": "NUMBER"
      },
      "Filter effluent conductivity (mS/cm)": {
        "id": "640e020b-4005-4756-87ed-91a0fe25828b",
        "type": "NUMBER",
        "value": null,
        "config": {},
        "dataType": "NUMBER"
      },
      "Equilibration buffer conductivity (mS/cm)": {
        "id": "51dd7af1-da69-4b97-9b4b-a842eca93675",
        "type": "NUMBER",
        "value": null,
        "config": {},
        "dataType": "NUMBER"
      },
      "Filter effluent conductivity temperature °C": {
        "id": "a441594f-0552-41e8-a956-94072b0689bc",
        "type": "NUMBER",
        "value": null,
        "config": {},
        "dataType": "NUMBER"
      },
      "Equilibration buffer conductivity temperature °C": {
        "id": "5fca7cbe-1086-4f47-9922-3cc5a4a03901",
        "type": "NUMBER",
        "value": null,
        "config": {},
        "dataType": "NUMBER"
      }
    },
    "pageContent": [
      {
        "id": "0efa9cf0-196e-4cdd-ab79-bac0d77b8347",
        "type": "p",
        "align": "justify",
        "children": [
          {
            "text": "Collect the first 10 mL, then swap the sterilin to collect the next 10 mL. "
          }
        ]
      },
      {
        "id": "8693ef19-c80d-4391-a277-8f3f2abe2135",
        "type": "p",
        "align": "justify",
        "children": [
          {
            "text": ""
          }
        ]
      },
      {
        "id": "32fe4704-8aec-4f0d-8158-289b8181ae91",
        "type": "p",
        "align": "justify",
        "children": [
          {
            "text": "Discard the first collection and measure the second collection pH and conductivity of the input and output buffers. "
          }
        ]
      },
      {
        "id": "118a5357-7269-45f6-aab4-7685c97de622",
        "type": "p",
        "children": [
          {
            "text": ""
          }
        ]
      },
      {
        "id": "1e48c389-3a3f-4e4b-9967-b06cec277a66",
        "type": "h3",
        "children": [
          {
            "text": "pH"
          }
        ]
      },
      {
        "id": "10a18018-054a-4119-8277-c932c1c55ea4",
        "type": "p",
        "children": [
          {
            "text": "Criteria: The pH should be ± 0.1 pH units of the equilibration buffer. Read at 17 ± 2°C.",
            "italic": true
          }
        ]
      },
      {
        "id": "35037020-06e2-476e-a65b-8cb02a3e7fcf",
        "type": "field",
        "fieldId": "18fdaf55-2005-4de3-b808-762a24d99430",
        "children": [
          {
            "text": ""
          }
        ]
      },
      {
        "id": "14d6cffd-15d2-4713-bae3-a4305e3b2aa3",
        "type": "field",
        "fieldId": "254b9372-ed47-4109-a194-d1c1a4f4adc2",
        "children": [
          {
            "text": ""
          }
        ]
      },
      {
        "id": "a883002e-a18c-406d-972d-ca39d924dc8c",
        "type": "p",
        "children": [
          {
            "text": ""
          }
        ]
      },
      {
        "id": "71275e92-4621-44b9-97c3-a46e74bd8bde",
        "type": "field",
        "fieldId": "0ef987cf-a91b-4cc3-b7bf-abd63c0b92a1",
        "children": [
          {
            "text": ""
          }
        ]
      },
      {
        "id": "eb7858c0-8fed-4e6e-8688-211df2f6ddb7",
        "type": "field",
        "fieldId": "efb9e459-5eae-424b-beb3-110aaac87336",
        "children": [
          {
            "text": ""
          }
        ]
      },
      {
        "id": "5d849533-bce1-4e77-a8ce-17c4028df604",
        "type": "p",
        "children": [
          {
            "text": ""
          }
        ]
      },
      {
        "id": "156559e1-f96e-4bf5-b0be-0e3c87375bec",
        "type": "h3",
        "children": [
          {
            "text": "Conductivity"
          }
        ]
      },
      {
        "id": "13667459-ea27-4e9b-84c9-b400cea70031",
        "type": "p",
        "children": [
          {
            "text": "Criteria: The conductivity should be within 10% of the equilibration buffer. Read at 20°C ± 2°C.",
            "italic": true
          }
        ]
      },
      {
        "id": "c383af93-7d26-4a1a-b88f-2b1c86a0bb3f",
        "type": "field",
        "fieldId": "51dd7af1-da69-4b97-9b4b-a842eca93675",
        "children": [
          {
            "text": ""
          }
        ]
      },
      {
        "id": "e388b2f3-728c-4d08-ae5f-b14b9b3ed9a9",
        "type": "field",
        "fieldId": "5fca7cbe-1086-4f47-9922-3cc5a4a03901",
        "children": [
          {
            "text": ""
          }
        ]
      },
      {
        "id": "af963cfe-34c3-4973-a8d8-5bbf2e7d30d4",
        "type": "p",
        "children": [
          {
            "text": ""
          }
        ]
      },
      {
        "id": "2e58c7bc-766c-4aa8-829e-d54697d80963",
        "type": "field",
        "fieldId": "640e020b-4005-4756-87ed-91a0fe25828b",
        "children": [
          {
            "text": ""
          }
        ]
      },
      {
        "id": "663265d5-b73d-451e-a9cf-0b04a41bc892",
        "type": "field",
        "fieldId": "a441594f-0552-41e8-a956-94072b0689bc",
        "children": [
          {
            "text": ""
          }
        ]
      }
    ]
  },
  "tableView": {
    "properties": [
      {
        "id": "820c9ccc-7909-46d3-b1ba-e6ca86653d2e",
        "type": "FIELD",
        "fieldId": "ff514abc-6cf8-451f-a9fc-9ef098046e09"
      },
      {
        "id": "148278d8-a12a-4eb5-b1a4-bda0b961ff28",
        "type": "FIELD",
        "fieldId": "096b2622-a231-473e-989a-d24deabf74b3"
      },
      {
        "id": "6cb9d475-5ebb-4530-9d71-17ebdff293f2",
        "type": "FIELD",
        "fieldId": "73b1af7c-66d9-4943-8b19-528467c17815"
      },
      {
        "id": "501f5359-d6b5-4108-b34a-c72322290490",
        "type": "FIELD",
        "fieldId": "1cc1027e-0963-4417-88bc-57e666553ad4"
      },
      {
        "id": "7e2427cd-bb87-410c-b4cb-25d358c8641e",
        "type": "FIELD",
        "fieldId": "18fdaf55-2005-4de3-b808-762a24d99430"
      },
      {
        "id": "d89c9fb4-8b5b-4b68-bcf9-a3624c40afe9",
        "type": "FIELD",
        "fieldId": "254b9372-ed47-4109-a194-d1c1a4f4adc2"
      },
      {
        "id": "496ad14c-6f29-47be-a056-1c86b95d0270",
        "type": "FIELD",
        "fieldId": "0ef987cf-a91b-4cc3-b7bf-abd63c0b92a1"
      },
      {
        "id": "e7a6a342-e16d-4a78-9aaf-b0325d9dc7e6",
        "type": "FIELD",
        "fieldId": "efb9e459-5eae-424b-beb3-110aaac87336"
      },
      {
        "id": "7715f3ab-4ddb-4cdf-a243-24c7b76f59ac",
        "type": "FIELD",
        "fieldId": "51dd7af1-da69-4b97-9b4b-a842eca93675"
      },
      {
        "id": "6556ce99-3131-4dc2-beb8-906c6bafe28f",
        "type": "FIELD",
        "fieldId": "5fca7cbe-1086-4f47-9922-3cc5a4a03901"
      },
      {
        "id": "191b62c8-962c-4c34-99e8-7a0f6253ddfa",
        "type": "FIELD",
        "fieldId": "640e020b-4005-4756-87ed-91a0fe25828b"
      },
      {
        "id": "0bb7ec30-f182-4561-92f3-add43e5aad12",
        "type": "FIELD",
        "fieldId": "06779bfe-07b7-4995-9061-388b6a4476d4"
      },
      {
        "id": "1e9f0d9e-ef8a-4549-ab2d-5c061869c410",
        "type": "FIELD",
        "fieldId": "a441594f-0552-41e8-a956-94072b0689bc"
      }
    ]
  }
}