{
  "schemaVersion": "1.0.0",
  "id": "954f265e-e48a-4cc4-b57a-fc3cafc6d41a",
  "title": "VRF - Step 12 & 13",
  "status": "DRAFT",
  "version": null,
  "previousVersion": null,
  "assignees": [],
  "tags": [],
  "duplicatedFromEntity": null,
  "metadata": {
    "index": "0",
    "createdAt": "1970-01-01T00:00:00.000Z",
    "lastUpdatedAt": "1970-01-01T00:00:00.000Z",
    "createdByRoleId": "44444444-4444-4444-4444-444444444444",
    "lastUpdatedByRoleId": "44444444-4444-4444-4444-444444444444",
    "editors": []
  },
  "reviewConfig": null,
  "collections": null,
  "type": "STEP",
  "description": null,
  "recordReviewConfig": null,
  "recordCollections": null,
  "subType": "DATA",
  "recordConfig": {
    "allowMultiple": false,
    "fields": {},
    "pageContent": [
      {
        "id": "46ca0893-5a16-4605-a98e-8d6521e90c24",
        "type": "p",
        "children": [
          {
            "text": "Connect the push-fit from the Clippard URH-1-0804 pressure tubing to the feed vessel and ensure the connection is secured."
          }
        ]
      },
      {
        "id": "89564fe2-9f3e-4aad-ad52-39c664337291",
        "type": "p",
        "children": [
          {
            "text": ""
          }
        ]
      },
      {
        "id": "b6a6de93-47aa-4416-927d-3718d83b4eae",
        "type": "p",
        "children": [
          {
            "text": "Perform thorough checks on all the pressure connections before proceeding."
          }
        ]
      }
    ]
  },
  "tableView": {
    "properties": []
  }
}