{
  "schemaVersion": "1.0.0",
  "id": "9b639e54-2667-49a2-a612-8637f18cf83d",
  "title": "VRF - Step 32",
  "status": "DRAFT",
  "version": null,
  "previousVersion": null,
  "assignees": [],
  "tags": [],
  "duplicatedFromEntity": null,
  "metadata": {
    "index": "0",
    "createdAt": "1970-01-01T00:00:00.000Z",
    "lastUpdatedAt": "1970-01-01T00:00:00.000Z",
    "createdByRoleId": "44444444-4444-4444-4444-444444444444",
    "lastUpdatedByRoleId": "44444444-4444-4444-4444-444444444444",
    "editors": []
  },
  "reviewConfig": null,
  "collections": null,
  "type": "STEP",
  "description": null,
  "recordReviewConfig": null,
  "recordCollections": null,
  "subType": "DATA",
  "recordConfig": {
    "allowMultiple": false,
    "fields": {},
    "pageContent": [
      {
        "id": "f27e152f-68d4-4ed5-b3ce-48daf0202dca",
        "type": "p",
        "children": [
          {
            "text": "Depressurise by closing the green tap on the regulator 3 and opening the vent on the feed vessel. Open the vessel by removing the top plate. "
          }
        ]
      }
    ]
  },
  "tableView": {
    "properties": []
  }
}