{
  "schemaVersion": "1.0.0",
  "id": "9ff1e2e1-39b5-4b05-bf6f-255c66bf761e",
  "title": "VRF - Step 15",
  "status": "DRAFT",
  "version": null,
  "previousVersion": null,
  "assignees": [],
  "tags": [],
  "duplicatedFromEntity": null,
  "metadata": {
    "index": "0",
    "createdAt": "1970-01-01T00:00:00.000Z",
    "lastUpdatedAt": "1970-01-01T00:00:00.000Z",
    "createdByRoleId": "44444444-4444-4444-4444-444444444444",
    "lastUpdatedByRoleId": "44444444-4444-4444-4444-444444444444",
    "editors": []
  },
  "reviewConfig": null,
  "collections": null,
  "type": "STEP",
  "description": null,
  "recordReviewConfig": null,
  "recordCollections": null,
  "subType": "DATA",
  "recordConfig": {
    "allowMultiple": false,
    "fields": {},
    "pageContent": [
      {
        "id": "c18b3f89-6d9e-4611-9e0b-59516370b995",
        "type": "p",
        "children": [
          {
            "text": "Ensure the inlet of the filter is in a closed position, then open the side vent on the Shield filter and connect a luer lock syringe."
          }
        ]
      }
    ]
  },
  "tableView": {
    "properties": []
  }
}