{
  "schemaVersion": "1.0.0",
  "id": "a56194c1-3e54-452f-9cf9-a1e91ee75fe4",
  "title": "VRF - Step 35",
  "status": "DRAFT",
  "version": null,
  "previousVersion": null,
  "assignees": [],
  "tags": [],
  "duplicatedFromEntity": null,
  "metadata": {
    "index": "0",
    "createdAt": "1970-01-01T00:00:00.000Z",
    "lastUpdatedAt": "1970-01-01T00:00:00.000Z",
    "createdByRoleId": "44444444-4444-4444-4444-444444444444",
    "lastUpdatedByRoleId": "44444444-4444-4444-4444-444444444444",
    "editors": []
  },
  "reviewConfig": null,
  "collections": null,
  "type": "STEP",
  "description": null,
  "recordReviewConfig": null,
  "recordCollections": null,
  "subType": "DATA",
  "recordConfig": {
    "allowMultiple": false,
    "fields": {},
    "pageContent": [
      {
        "id": "149e51fb-7d02-4c69-b511-9603c3e7ff25",
        "type": "p",
        "children": [
          {
            "text": "Secure the top of the feed vessel system by clamping the lid to the vessel and ensure the air vent on the vessel is closed."
          }
        ]
      }
    ]
  },
  "tableView": {
    "properties": []
  }
}