{
  "schemaVersion": "1.0.0",
  "id": "babd4158-fe66-431e-9c42-7deefbc71f84",
  "title": "VRF - Step 8 & 9",
  "status": "DRAFT",
  "version": null,
  "previousVersion": null,
  "assignees": [],
  "tags": [],
  "duplicatedFromEntity": null,
  "metadata": {
    "index": "0",
    "createdAt": "1970-01-01T00:00:00.000Z",
    "lastUpdatedAt": "1970-01-01T00:00:00.000Z",
    "createdByRoleId": "44444444-4444-4444-4444-444444444444",
    "lastUpdatedByRoleId": "44444444-4444-4444-4444-444444444444",
    "editors": []
  },
  "reviewConfig": null,
  "collections": null,
  "type": "STEP",
  "description": null,
  "recordReviewConfig": null,
  "recordCollections": null,
  "subType": "DATA",
  "recordConfig": {
    "allowMultiple": false,
    "fields": {
      "Comments": {
        "id": "e2988977-2eec-4dec-9509-1f9ada461005",
        "type": "STRING",
        "value": null,
        "config": {},
        "dataType": "STRING"
      }
    },
    "pageContent": [
      {
        "id": "eb968637-8f2e-4c1e-a338-9b83cb52f8ca",
        "type": "p",
        "align": "justify",
        "children": [
          {
            "text": "Ensure the VMax pressure vessel and components are clean and available for use."
          }
        ]
      },
      {
        "id": "d05aba8e-b006-4a21-89b3-bedd92f1510a",
        "type": "p",
        "align": "justify",
        "children": [
          {
            "text": "Assemble the pressure pathway by connecting the regulator to the VRF pressure regulator."
          }
        ]
      },
      {
        "id": "a92ebcdd-dbc9-4a8d-b76b-452baeef90fd",
        "type": "p",
        "children": [
          {
            "bold": true,
            "text": "Note: The second regulators "
          },
          {
            "bold": true,
            "text": "MUST",
            "underline": true
          },
          {
            "bold": true,
            "text": " be closed with zero pressure readings."
          }
        ]
      },
      {
        "id": "d871f2de-0b12-4634-9d65-3599fcd5e3ce",
        "type": "p",
        "align": "justify",
        "children": [
          {
            "bold": true,
            "text": ""
          }
        ]
      },
      {
        "id": "7f24ee2b-9e83-45bc-a3f1-bee41301bfec",
        "type": "p",
        "align": "justify",
        "children": [
          {
            "bold": true,
            "text": "Viresolve Micro "
          },
          {
            "bold": true,
            "text": "Shield",
            "underline": true
          },
          {
            "bold": true,
            "text": " Pre-filter."
          }
        ]
      },
      {
        "id": "c24cb7fc-dd61-418a-86f4-a3f503c14b01",
        "type": "p",
        "children": [
          {
            "text": "Attach filter label in the space below. "
          }
        ]
      },
      {
        "id": "b9eb16a9-fd7b-4bc4-aa40-4176b23ddcdc",
        "type": "img",
        "children": [
          {
            "text": ""
          }
        ]
      },
      {
        "id": "d7a95b16-dde0-4f67-86b4-f86c95547fc1",
        "type": "field",
        "fieldId": "e2988977-2eec-4dec-9509-1f9ada461005",
        "children": [
          {
            "text": ""
          }
        ]
      }
    ]
  },
  "tableView": {
    "properties": [
      {
        "id": "3dc32061-c91c-4474-a757-ec0bcd8e4bf6",
        "type": "FIELD",
        "fieldId": "e2988977-2eec-4dec-9509-1f9ada461005"
      }
    ]
  }
}