{
  "schemaVersion": "1.0.0",
  "id": "c14bbcf0-ba87-44c1-8516-be7d549f83b0",
  "title": "VRF - Step 26",
  "status": "DRAFT",
  "version": null,
  "previousVersion": null,
  "assignees": [],
  "tags": [],
  "duplicatedFromEntity": null,
  "metadata": {
    "index": "0",
    "createdAt": "1970-01-01T00:00:00.000Z",
    "lastUpdatedAt": "1970-01-01T00:00:00.000Z",
    "createdByRoleId": "44444444-4444-4444-4444-444444444444",
    "lastUpdatedByRoleId": "44444444-4444-4444-4444-444444444444",
    "editors": []
  },
  "reviewConfig": null,
  "collections": null,
  "type": "STEP",
  "description": null,
  "recordReviewConfig": null,
  "recordCollections": null,
  "subType": "DATA",
  "recordConfig": {
    "allowMultiple": false,
    "fields": {},
    "pageContent": [
      {
        "id": "0a0ea234-65b8-442c-be6b-2a0394cd4d33",
        "type": "p",
        "children": [
          {
            "text": "Place 2 x clean sterilins on the balance and tare to zero."
          }
        ]
      }
    ]
  },
  "tableView": {
    "properties": []
  }
}