{
  "schemaVersion": "1.0.0",
  "id": "c79eafb0-9fe0-4644-8e04-cc024a0986b7",
  "title": "VRF - Step 20",
  "status": "DRAFT",
  "version": null,
  "previousVersion": null,
  "assignees": [],
  "tags": [],
  "duplicatedFromEntity": null,
  "metadata": {
    "index": "0",
    "createdAt": "1970-01-01T00:00:00.000Z",
    "lastUpdatedAt": "1970-01-01T00:00:00.000Z",
    "createdByRoleId": "44444444-4444-4444-4444-444444444444",
    "lastUpdatedByRoleId": "44444444-4444-4444-4444-444444444444",
    "editors": []
  },
  "reviewConfig": null,
  "collections": null,
  "type": "STEP",
  "description": null,
  "recordReviewConfig": null,
  "recordCollections": null,
  "subType": "DATA",
  "recordConfig": {
    "allowMultiple": false,
    "fields": {},
    "pageContent": [
      {
        "id": "1847cb37-95e1-4522-afe0-e26a2b1d9d1c",
        "type": "p",
        "align": "justify",
        "children": [
          {
            "text": "Apply pressure to regulator 2 to approximately 2.1 bar."
          }
        ]
      },
      {
        "id": "971ebcb2-05ff-433e-889a-a8f97e7846f5",
        "type": "p",
        "align": "justify",
        "children": [
          {
            "text": "Open the feed valve between the vessel and the Shield filter."
          }
        ]
      },
      {
        "id": "cd2cf693-478d-4904-ab86-90c68d8a2100",
        "type": "p",
        "children": [
          {
            "text": ""
          }
        ]
      }
    ]
  },
  "tableView": {
    "properties": []
  }
}