{
  "schemaVersion": "1.0.0",
  "id": "cf3697fe-765d-4cde-a12a-f3d5f85d7b71",
  "title": "VRF - Step 4 & 5",
  "status": "DRAFT",
  "version": null,
  "previousVersion": null,
  "assignees": [],
  "tags": [],
  "duplicatedFromEntity": null,
  "metadata": {
    "index": "0",
    "createdAt": "1970-01-01T00:00:00.000Z",
    "lastUpdatedAt": "1970-01-01T00:00:00.000Z",
    "createdByRoleId": "44444444-4444-4444-4444-444444444444",
    "lastUpdatedByRoleId": "44444444-4444-4444-4444-444444444444",
    "editors": []
  },
  "reviewConfig": null,
  "collections": null,
  "type": "STEP",
  "description": null,
  "recordReviewConfig": null,
  "recordCollections": null,
  "subType": "DATA",
  "recordConfig": {
    "allowMultiple": false,
    "fields": {
      "Mixing End time": {
        "id": "ddafa564-7cc0-4c28-8389-5c82372029a8",
        "type": "DATETIME",
        "value": null,
        "config": {},
        "dataType": "DATETIME"
      },
      "Mixing Start time": {
        "id": "20891767-cc7b-41d5-9239-5200d20e3c2c",
        "type": "DATETIME",
        "value": null,
        "config": {},
        "dataType": "DATETIME"
      }
    },
    "pageContent": [
      {
        "id": "7a5f4ce9-cbec-4d60-8ea1-99eaf5756665",
        "type": "p",
        "children": [
          {
            "text": "Mix the thawed VRF Load for a minimum of 1 minute. Mix gently enough that foaming does not occur, but fast enough to ensure a homogenous mixture. "
          }
        ]
      },
      {
        "id": "07df9351-8514-4340-95d3-0e681b347ae0",
        "type": "p",
        "children": [
          {
            "text": ""
          }
        ]
      },
      {
        "id": "24228efa-a902-46fd-b3ad-597b70c3b313",
        "type": "field",
        "fieldId": "20891767-cc7b-41d5-9239-5200d20e3c2c",
        "children": [
          {
            "text": ""
          }
        ]
      },
      {
        "id": "8575fd91-6a25-4736-ad61-e73f0fab9d21",
        "type": "field",
        "fieldId": "ddafa564-7cc0-4c28-8389-5c82372029a8",
        "children": [
          {
            "text": ""
          }
        ]
      },
      {
        "id": "187f6a77-e4b9-4e84-949b-95b1dddb5e93",
        "type": "p",
        "children": [
          {
            "text": "Sample the VRF Load according to the same plan. "
          }
        ]
      },
      {
        "id": "4c832718-300e-470c-ae36-035e90b86d5f",
        "type": "p",
        "children": [
          {
            "text": ""
          }
        ]
      }
    ]
  },
  "tableView": {
    "properties": [
      {
        "id": "7081beb6-7588-4d59-a50f-e03dd6fd3d02",
        "type": "FIELD",
        "fieldId": "20891767-cc7b-41d5-9239-5200d20e3c2c"
      },
      {
        "id": "802eb6f7-0771-469b-a812-0292da99f970",
        "type": "FIELD",
        "fieldId": "ddafa564-7cc0-4c28-8389-5c82372029a8"
      }
    ]
  }
}