{
  "schemaVersion": "1.0.0",
  "id": "d25d6e2e-0d2b-45ff-b23b-5a883bb0ef27",
  "title": "VRF - Step 24",
  "status": "DRAFT",
  "version": null,
  "previousVersion": null,
  "assignees": [],
  "tags": [],
  "duplicatedFromEntity": null,
  "metadata": {
    "index": "0",
    "createdAt": "1970-01-01T00:00:00.000Z",
    "lastUpdatedAt": "1970-01-01T00:00:00.000Z",
    "createdByRoleId": "44444444-4444-4444-4444-444444444444",
    "lastUpdatedByRoleId": "44444444-4444-4444-4444-444444444444",
    "editors": []
  },
  "reviewConfig": null,
  "collections": null,
  "type": "STEP",
  "description": null,
  "recordReviewConfig": null,
  "recordCollections": null,
  "subType": "DATA",
  "recordConfig": {
    "allowMultiple": false,
    "fields": {},
    "pageContent": [
      {
        "id": "4d536887-9790-49be-a218-39013c1d9a96",
        "type": "p",
        "children": [
          {
            "text": "Open the feed vessel to remove excess water from the feed vessel and replace with 20 mM Tris Acetate, pH 7.3 buffer. "
          }
        ]
      }
    ]
  },
  "tableView": {
    "properties": []
  }
}