{
  "schemaVersion": "1.0.0",
  "id": "f082fdfa-8f18-4168-9363-3d0fe458adae",
  "title": "VRF - Step 29",
  "status": "DRAFT",
  "version": null,
  "previousVersion": null,
  "assignees": [],
  "tags": [],
  "duplicatedFromEntity": null,
  "metadata": {
    "index": "0",
    "createdAt": "1970-01-01T00:00:00.000Z",
    "lastUpdatedAt": "1970-01-01T00:00:00.000Z",
    "createdByRoleId": "44444444-4444-4444-4444-444444444444",
    "lastUpdatedByRoleId": "44444444-4444-4444-4444-444444444444",
    "editors": []
  },
  "reviewConfig": null,
  "collections": null,
  "type": "STEP",
  "description": null,
  "recordReviewConfig": null,
  "recordCollections": null,
  "subType": "DATA",
  "recordConfig": {
    "allowMultiple": false,
    "fields": {},
    "pageContent": [
      {
        "id": "be75592e-2c7f-4b7b-b01f-c6dd6eaef23d",
        "type": "p",
        "children": [
          {
            "text": "Carefully increase the inlet pressure to 2.1 ± 0.1 bar whilst observing for a droplet from the outlet of the Shield filter and start the timer to equilibrate the filter with approximately 20 mL of buffer."
          }
        ]
      }
    ]
  },
  "tableView": {
    "properties": []
  }
}