{
  "schemaVersion": "1.0.0",
  "id": "fc361c3e-da22-4fab-8634-0c00bd58086e",
  "title": "VRF - Step 17",
  "status": "DRAFT",
  "version": null,
  "previousVersion": null,
  "assignees": [],
  "tags": [],
  "duplicatedFromEntity": null,
  "metadata": {
    "index": "0",
    "createdAt": "1970-01-01T00:00:00.000Z",
    "lastUpdatedAt": "1970-01-01T00:00:00.000Z",
    "createdByRoleId": "44444444-4444-4444-4444-444444444444",
    "lastUpdatedByRoleId": "44444444-4444-4444-4444-444444444444",
    "editors": []
  },
  "reviewConfig": null,
  "collections": null,
  "type": "STEP",
  "description": null,
  "recordReviewConfig": null,
  "recordCollections": null,
  "subType": "DATA",
  "recordConfig": {
    "allowMultiple": false,
    "fields": {},
    "pageContent": [
      {
        "id": "ec38bb9d-810f-44e1-a306-90d1b9200348",
        "type": "p",
        "align": "justify",
        "children": [
          {
            "text": "Note: Gently pull and inject fluid back and forth for few seconds until no further air bubbles detected. "
          }
        ]
      },
      {
        "id": "32a925ba-8c8a-4108-a474-93f26efe3d03",
        "type": "p",
        "align": "justify",
        "children": [
          {
            "text": "When there are no more air bubbles detected and the filter is fully flooded, isolate the filter by closing the feed valve between the vessel and the Shield filter."
          }
        ]
      },
      {
        "id": "0bc3d4fd-304a-4b17-98d2-edfaa3fb3c0d",
        "type": "p",
        "align": "justify",
        "children": [
          {
            "text": "Disconnect the syringe and close the Shield filter vent."
          }
        ]
      }
    ]
  },
  "tableView": {
    "properties": []
  }
}