{
  "schemaVersion": "1.0.0",
  "id": "4f648cd0-0029-4175-b47b-9ffd58a2636f",
  "title": "Change Control",
  "status": "DRAFT",
  "version": null,
  "previousVersion": null,
  "assignees": [],
  "tags": [],
  "duplicatedFromEntity": null,
  "metadata": {
    "createdAt": "1970-01-01T00:00:00.000Z",
    "lastUpdatedAt": "1970-01-01T00:00:00.000Z",
    "createdByRoleId": "44444444-4444-4444-4444-444444444444",
    "lastUpdatedByRoleId": "44444444-4444-4444-4444-444444444444",
    "editors": []
  },
  "reviewConfig": null,
  "type": "PROCEDURE",
  "runReviewConfig": null,
  "stages": [
    {
      "id": "ed134c0c-9ee8-4489-94ae-f705f76e0f9c",
      "step": {
        "id": "9dacac0b-d63a-47e7-bb9f-8404f8748e24",
        "version": null
      }
    },
    {
      "id": "a2e4f7b3-97cb-4a37-8d38-143f5bb59607",
      "step": {
        "id": "4c0f76c2-46c3-4d7a-a80f-1c5f3fe4d2ad",
        "version": null
      }
    },
    {
      "id": "355fbc6a-bbbd-41f9-a96d-dbfd631c29a2",
      "step": {
        "id": "c95c450b-875f-4c99-8600-3d58d1df70a5",
        "version": null
      }
    },
    {
      "id": "7fe519ab-409a-4f40-b291-5be895735058",
      "step": {
        "id": "b4315e95-d9fe-4dca-baf2-e2bab284782a",
        "version": null
      }
    },
    {
      "id": "a14ff3a4-c2e8-475c-911e-41229e927c6e",
      "step": {
        "id": "9519d411-0a13-400b-924a-a22b122ac526",
        "version": null
      }
    }
  ]
}