{
  "schemaVersion": "1.0.0",
  "id": "9519d411-0a13-400b-924a-a22b122ac526",
  "title": "Verification of Effectiveness Check",
  "status": "DRAFT",
  "version": null,
  "previousVersion": null,
  "assignees": [],
  "tags": [],
  "duplicatedFromEntity": null,
  "metadata": {
    "createdAt": "1970-01-01T00:00:00.000Z",
    "lastUpdatedAt": "1970-01-01T00:00:00.000Z",
    "createdByRoleId": "44444444-4444-4444-4444-444444444444",
    "lastUpdatedByRoleId": "44444444-4444-4444-4444-444444444444",
    "editors": []
  },
  "reviewConfig": null,
  "type": "STEP",
  "description": null,
  "recordReviewConfig": null,
  "subType": "DATA",
  "recordConfig": {
    "allowMultiple": false,
    "fields": {
      "Checked By": {
        "id": "e051f7c7-f1b3-4d96-a86d-1fa45a3bc25d",
        "type": "USER",
        "value": null,
        "config": {
          "allowMultiple": false
        },
        "dataType": "ROLE"
      },
      "Date of Check": {
        "id": "55dfbf32-22f7-48c8-805f-1cb0c1636c2a",
        "type": "DATETIME",
        "value": null,
        "config": {},
        "dataType": "DATETIME"
      },
      "If Yes, specify:": {
        "id": "bb88ecaf-caf3-4e46-97e3-97ba48a83927",
        "type": "STRING",
        "value": null,
        "config": {},
        "dataType": "STRING"
      },
      "Summary of Checked Actions": {
        "id": "a1bd69d9-0f6a-4a60-a960-01c73b972488",
        "type": "STRING",
        "value": null,
        "config": {},
        "dataType": "STRING"
      },
      "Any follow up actions needed?": {
        "id": "f251e78f-027a-44fd-acb4-0e261ad4a446",
        "type": "SELECT",
        "value": null,
        "config": {
          "allowMultiple": false,
          "selectOptions": [
            "Yes",
            "No"
          ]
        },
        "dataType": "SELECT"
      }
    },
    "pageContent": [
      {
        "id": "84ef995f-a415-4504-8f92-66ffd923b521",
        "type": "field",
        "fieldId": "55dfbf32-22f7-48c8-805f-1cb0c1636c2a",
        "children": [
          {
            "text": ""
          }
        ]
      },
      {
        "id": "6bc11f38-cac6-4d89-a553-6786fc6e3779",
        "type": "field",
        "fieldId": "a1bd69d9-0f6a-4a60-a960-01c73b972488",
        "children": [
          {
            "text": ""
          }
        ]
      },
      {
        "id": "b7ffe2f8-1a15-40d9-a40f-438eb753f48a",
        "type": "field",
        "fieldId": "f251e78f-027a-44fd-acb4-0e261ad4a446",
        "children": [
          {
            "text": ""
          }
        ]
      },
      {
        "id": "65438c4b-39e0-48e5-8d52-a538ec6e7626",
        "type": "field",
        "fieldId": "bb88ecaf-caf3-4e46-97e3-97ba48a83927",
        "children": [
          {
            "text": ""
          }
        ]
      },
      {
        "id": "ed4a9c9e-55cd-4dcb-9a82-1882d448efbe",
        "type": "p",
        "align": "left",
        "children": [
          {
            "text": ""
          }
        ]
      },
      {
        "id": "9948e53a-3be2-4c50-b03d-002c2372d583",
        "type": "field",
        "fieldId": "e051f7c7-f1b3-4d96-a86d-1fa45a3bc25d",
        "children": [
          {
            "text": ""
          }
        ]
      },
      {
        "id": "bb6ad409-d5f0-4fa1-bdc7-488f9aa64557",
        "type": "p",
        "align": "left",
        "children": [
          {
            "text": ""
          }
        ]
      }
    ]
  },
  "tableView": {
    "properties": [
      {
        "id": "ce04d2c6-150c-4e40-8322-db21128532ef",
        "type": "FIELD",
        "fieldId": "55dfbf32-22f7-48c8-805f-1cb0c1636c2a"
      },
      {
        "id": "9736612b-a61b-4259-89ab-e2329d1bf959",
        "type": "FIELD",
        "fieldId": "a1bd69d9-0f6a-4a60-a960-01c73b972488"
      },
      {
        "id": "c30e8ae3-a87c-4f84-8378-4f5bb9f48a38",
        "type": "FIELD",
        "fieldId": "e051f7c7-f1b3-4d96-a86d-1fa45a3bc25d"
      },
      {
        "id": "cddb201d-4aa6-4f29-96fe-eaac5ebb77ea",
        "type": "FIELD",
        "fieldId": "f251e78f-027a-44fd-acb4-0e261ad4a446"
      },
      {
        "id": "3444b4b3-38af-4dcb-8bf9-68dad596ac2c",
        "type": "FIELD",
        "fieldId": "bb88ecaf-caf3-4e46-97e3-97ba48a83927"
      }
    ]
  }
}