{
  "schemaVersion": "1.0.0",
  "id": "b4315e95-d9fe-4dca-baf2-e2bab284782a",
  "title": "Change Control Close Date",
  "status": "DRAFT",
  "version": null,
  "previousVersion": null,
  "assignees": [],
  "tags": [],
  "duplicatedFromEntity": null,
  "metadata": {
    "createdAt": "1970-01-01T00:00:00.000Z",
    "lastUpdatedAt": "1970-01-01T00:00:00.000Z",
    "createdByRoleId": "44444444-4444-4444-4444-444444444444",
    "lastUpdatedByRoleId": "44444444-4444-4444-4444-444444444444",
    "editors": []
  },
  "reviewConfig": null,
  "type": "STEP",
  "description": null,
  "recordReviewConfig": null,
  "subType": "DATA",
  "recordConfig": {
    "allowMultiple": false,
    "fields": {
      "Date": {
        "id": "905e8eec-0348-4ea0-9edb-63332d6824f9",
        "type": "DATE",
        "value": null,
        "config": {},
        "dataType": "DATE"
      },
      "QA Sign off": {
        "id": "c76fe86c-dfee-42e5-9ec2-28073cde5d9a",
        "type": "USER",
        "value": null,
        "config": {
          "allowMultiple": false
        },
        "dataType": "ROLE"
      }
    },
    "pageContent": [
      {
        "id": "bd291d77-c226-4e05-9612-27f0f376eff8",
        "type": "field",
        "fieldId": "905e8eec-0348-4ea0-9edb-63332d6824f9",
        "children": [
          {
            "text": ""
          }
        ]
      },
      {
        "id": "9adc6881-3be6-44af-a1e2-c2493262fe7c",
        "type": "field",
        "fieldId": "c76fe86c-dfee-42e5-9ec2-28073cde5d9a",
        "children": [
          {
            "text": ""
          }
        ]
      }
    ]
  },
  "tableView": {
    "properties": [
      {
        "id": "d6ae36d3-75e3-4fe7-8d4a-1d92cb7f4070",
        "type": "FIELD",
        "fieldId": "905e8eec-0348-4ea0-9edb-63332d6824f9"
      },
      {
        "id": "2a1abef0-d998-456f-8eef-26364c84f74a",
        "type": "FIELD",
        "fieldId": "c76fe86c-dfee-42e5-9ec2-28073cde5d9a"
      }
    ]
  }
}