{
  "schemaVersion": "1.0.0",
  "id": "c95c450b-875f-4c99-8600-3d58d1df70a5",
  "title": "Change Control Implementation",
  "status": "DRAFT",
  "version": null,
  "previousVersion": null,
  "assignees": [],
  "tags": [],
  "duplicatedFromEntity": null,
  "metadata": {
    "createdAt": "1970-01-01T00:00:00.000Z",
    "lastUpdatedAt": "1970-01-01T00:00:00.000Z",
    "createdByRoleId": "44444444-4444-4444-4444-444444444444",
    "lastUpdatedByRoleId": "44444444-4444-4444-4444-444444444444",
    "editors": []
  },
  "reviewConfig": null,
  "type": "STEP",
  "description": null,
  "recordReviewConfig": null,
  "subType": "DATA",
  "recordConfig": {
    "allowMultiple": false,
    "fields": {
      "(1) Completed By": {
        "id": "3a10f884-7827-49dc-ac06-5c174074cb58",
        "type": "USER",
        "value": null,
        "config": {
          "allowMultiple": false
        },
        "dataType": "ROLE"
      },
      "(2) Completed By": {
        "id": "fd1384cb-38f2-4d2e-8906-1e6fb3c83913",
        "type": "USER",
        "value": null,
        "config": {
          "allowMultiple": false
        },
        "dataType": "ROLE"
      },
      "(3) Completed By": {
        "id": "9efe97e0-0efe-48c7-8b3d-72504a56a514",
        "type": "USER",
        "value": null,
        "config": {
          "allowMultiple": false
        },
        "dataType": "ROLE"
      },
      "(4) Completed By": {
        "id": "e976d45c-6ecd-4c75-88ed-d3981a9ccfb3",
        "type": "USER",
        "value": null,
        "config": {
          "allowMultiple": false
        },
        "dataType": "ROLE"
      }
    },
    "pageContent": [
      {
        "id": "36c6abb6-b258-4370-80ef-ab4fd9fcef1b",
        "type": "p",
        "align": "left",
        "children": [
          {
            "text": "1) Change Control Form Complete Action Items"
          }
        ]
      },
      {
        "id": "d9a4ea03-bd54-4bc2-8970-cb217d31f2fa",
        "type": "field",
        "fieldId": "3a10f884-7827-49dc-ac06-5c174074cb58",
        "children": [
          {
            "text": ""
          }
        ]
      },
      {
        "id": "63f90a51-2e13-47bb-8263-3309cfae113b",
        "type": "p",
        "align": "left",
        "children": [
          {
            "text": ""
          }
        ]
      },
      {
        "id": "38e52902-13b2-4eb0-bc70-e8c2fa58b85d",
        "type": "p",
        "align": "left",
        "children": [
          {
            "text": "2) Change Control Form Publish Documents"
          }
        ]
      },
      {
        "id": "75c8078e-924c-494b-81f7-392208e2e6e4",
        "type": "field",
        "fieldId": "fd1384cb-38f2-4d2e-8906-1e6fb3c83913",
        "children": [
          {
            "text": ""
          }
        ]
      },
      {
        "id": "1ee930cd-b705-466d-a8f5-3951a6c651b3",
        "type": "p",
        "align": "left",
        "children": [
          {
            "text": ""
          }
        ]
      },
      {
        "id": "2e56dd71-7eb1-49e7-9648-432ea09ab2a5",
        "type": "p",
        "align": "left",
        "children": [
          {
            "text": "3) Change Control Form Assign Training"
          }
        ]
      },
      {
        "id": "c87fe0e5-d2e0-44fb-be91-1bfaa79de1ab",
        "type": "field",
        "fieldId": "9efe97e0-0efe-48c7-8b3d-72504a56a514",
        "children": [
          {
            "text": ""
          }
        ]
      },
      {
        "id": "0d35e9b6-c8bc-44d5-aac7-84ae2f662ce5",
        "type": "p",
        "align": "left",
        "children": [
          {
            "text": ""
          }
        ]
      },
      {
        "id": "0c156c44-7940-4202-b227-df3785be5ea7",
        "type": "p",
        "align": "left",
        "children": [
          {
            "text": "4) Change Control Form Close Chane"
          }
        ]
      },
      {
        "id": "52030989-19cd-45cf-b5ea-bc2cafc3e04e",
        "type": "field",
        "fieldId": "e976d45c-6ecd-4c75-88ed-d3981a9ccfb3",
        "children": [
          {
            "text": ""
          }
        ]
      }
    ]
  },
  "tableView": {
    "properties": [
      {
        "id": "d1063737-711a-4ada-b432-07414ca78d64",
        "type": "FIELD",
        "fieldId": "3a10f884-7827-49dc-ac06-5c174074cb58"
      },
      {
        "id": "4a488cad-00f5-4384-97ce-2b040dff4f89",
        "type": "FIELD",
        "fieldId": "fd1384cb-38f2-4d2e-8906-1e6fb3c83913"
      },
      {
        "id": "7b1af637-c93d-43e6-83ad-d93829f8ee39",
        "type": "FIELD",
        "fieldId": "9efe97e0-0efe-48c7-8b3d-72504a56a514"
      },
      {
        "id": "297ec85a-eb3b-4628-8346-43c54894b94e",
        "type": "FIELD",
        "fieldId": "e976d45c-6ecd-4c75-88ed-d3981a9ccfb3"
      }
    ]
  }
}