{
  "schemaVersion": "1.0.0",
  "id": "02f81bc8-7538-4ef2-9870-7ca529934643",
  "title": "ProA - Step 11",
  "status": "DRAFT",
  "version": null,
  "previousVersion": null,
  "assignees": [],
  "tags": [],
  "duplicatedFromEntity": null,
  "metadata": {
    "index": "0",
    "createdAt": "1970-01-01T00:00:00.000Z",
    "lastUpdatedAt": "1970-01-01T00:00:00.000Z",
    "createdByRoleId": "44444444-4444-4444-4444-444444444444",
    "lastUpdatedByRoleId": "44444444-4444-4444-4444-444444444444",
    "editors": []
  },
  "reviewConfig": null,
  "collections": null,
  "type": "STEP",
  "description": null,
  "recordReviewConfig": null,
  "recordCollections": null,
  "subType": "DATA",
  "recordConfig": {
    "allowMultiple": false,
    "fields": {
      "Mixing End time": {
        "id": "a04d3d19-67c7-4c31-b9c3-8d5758b27a8e",
        "type": "DATETIME",
        "value": null,
        "config": {},
        "dataType": "DATETIME"
      },
      "Mixing Start time": {
        "id": "a91329a5-0cdf-41fe-9d76-66e09ddd31ed",
        "type": "DATETIME",
        "value": null,
        "config": {},
        "dataType": "DATETIME"
      }
    },
    "pageContent": [
      {
        "id": "dd0b1a6f-d138-4c51-9c64-df523daac040",
        "type": "p",
        "align": "justify",
        "children": [
          {
            "text": "Mix the thawed Protein A Load for a minimum of 1 minute. Mix gently enough that foaming does not occur, but fast enough to ensure a homogenous mixture. "
          }
        ]
      },
      {
        "id": "9f23c943-818c-41a4-b76b-f146cca9d023",
        "type": "field",
        "fieldId": "a91329a5-0cdf-41fe-9d76-66e09ddd31ed",
        "children": [
          {
            "text": ""
          }
        ]
      },
      {
        "id": "d3269995-f891-4512-9fcd-239702540c99",
        "type": "field",
        "fieldId": "a04d3d19-67c7-4c31-b9c3-8d5758b27a8e",
        "children": [
          {
            "text": ""
          }
        ]
      }
    ]
  },
  "tableView": {
    "properties": [
      {
        "id": "636af67b-b7a5-45da-a315-d0bb10046843",
        "type": "FIELD",
        "fieldId": "a91329a5-0cdf-41fe-9d76-66e09ddd31ed"
      },
      {
        "id": "05fd5157-c764-42d5-8a66-bfeae54188b4",
        "type": "FIELD",
        "fieldId": "a04d3d19-67c7-4c31-b9c3-8d5758b27a8e"
      }
    ]
  }
}