{
  "schemaVersion": "1.0.0",
  "id": "31fae2b1-3031-409b-98a6-c3f2e157fb43",
  "title": "ProA - Step 12",
  "status": "DRAFT",
  "version": null,
  "previousVersion": null,
  "assignees": [],
  "tags": [],
  "duplicatedFromEntity": null,
  "metadata": {
    "index": "0",
    "createdAt": "1970-01-01T00:00:00.000Z",
    "lastUpdatedAt": "1970-01-01T00:00:00.000Z",
    "createdByRoleId": "44444444-4444-4444-4444-444444444444",
    "lastUpdatedByRoleId": "44444444-4444-4444-4444-444444444444",
    "editors": []
  },
  "reviewConfig": null,
  "collections": null,
  "type": "STEP",
  "description": null,
  "recordReviewConfig": null,
  "recordCollections": null,
  "subType": "DATA",
  "recordConfig": {
    "allowMultiple": false,
    "fields": {
      "Record filtrate expiry time / date": {
        "id": "20636d23-92a2-4503-acfb-48bb3e195aaf",
        "type": "DATETIME",
        "value": null,
        "config": {},
        "dataType": "DATETIME"
      }
    },
    "pageContent": [
      {
        "id": "fe4f74b7-9094-4606-abf0-431840d1f832",
        "type": "p",
        "align": "justify",
        "children": [
          {
            "text": "Obtain a Millipore Stericup vacuum filter (or similar) and paste the filter record label below."
          }
        ]
      },
      {
        "id": "c1ceecb8-a78d-48d9-b0b8-b68705d465c1",
        "type": "p",
        "align": "justify",
        "children": [
          {
            "text": "Perform filtration of the Protein A load using a PES 0.22 µm membrane. "
          }
        ]
      },
      {
        "id": "c36bde0c-7032-4f6f-a67e-16e749583ea3",
        "type": "p",
        "children": [
          {
            "text": "\n"
          }
        ]
      },
      {
        "id": "b56b46b3-35e2-4bef-9f32-eeedf1431ff3",
        "type": "p",
        "align": "justify",
        "children": [
          {
            "bold": true,
            "text": "Note: Perform filtration as gently as possible by starting and stopping the vacuum pump and by tilting the filtration bottle so as the filtrate runs down the side of the collection bottle."
          }
        ]
      },
      {
        "id": "b09b75b4-1c09-4ebd-aa2f-82609104224d",
        "type": "img",
        "children": [
          {
            "text": ""
          }
        ]
      },
      {
        "id": "e4cc6fcd-969a-4483-87f0-232319507592",
        "type": "p",
        "align": "justify",
        "children": [
          {
            "text": "ELN Reference: MA - Scanned into ELN (Tick) "
          }
        ]
      },
      {
        "id": "76fdeaa8-8702-412b-91d5-f6b889f072e7",
        "type": "p",
        "align": "justify",
        "children": [
          {
            "text": "The thawed material has an expiry of 2 days when kept at 2-8°C, aim to use on day of thawing."
          }
        ]
      },
      {
        "id": "8df93fc4-1797-429b-9c2e-6af99f535a46",
        "type": "field",
        "fieldId": "20636d23-92a2-4503-acfb-48bb3e195aaf",
        "children": [
          {
            "text": ""
          }
        ]
      }
    ]
  },
  "tableView": {
    "properties": [
      {
        "id": "d8fe1cf2-4d2c-46b9-94c0-e34af1945c18",
        "type": "FIELD",
        "fieldId": "20636d23-92a2-4503-acfb-48bb3e195aaf"
      }
    ]
  }
}