{
  "schemaVersion": "1.0.0",
  "id": "3bcbcb91-4158-4d04-90c2-bea04ef50ae5",
  "title": "ProA - Step 23",
  "status": "DRAFT",
  "version": null,
  "previousVersion": null,
  "assignees": [],
  "tags": [],
  "duplicatedFromEntity": null,
  "metadata": {
    "index": "0",
    "createdAt": "1970-01-01T00:00:00.000Z",
    "lastUpdatedAt": "1970-01-01T00:00:00.000Z",
    "createdByRoleId": "44444444-4444-4444-4444-444444444444",
    "lastUpdatedByRoleId": "44444444-4444-4444-4444-444444444444",
    "editors": []
  },
  "reviewConfig": null,
  "collections": null,
  "type": "STEP",
  "description": null,
  "recordReviewConfig": null,
  "recordCollections": null,
  "subType": "DATA",
  "recordConfig": {
    "allowMultiple": false,
    "fields": {
      "Protein A eluate pH": {
        "id": "3c67394a-d05c-4bec-a045-6182c8dc90c9",
        "type": "NUMBER",
        "value": null,
        "config": {},
        "dataType": "NUMBER"
      },
      "Protein A eluate Conductivity mS/cm": {
        "id": "db022dee-1233-4388-a5e2-0043306d1e8f",
        "type": "NUMBER",
        "value": null,
        "config": {},
        "dataType": "NUMBER"
      },
      "Protein A eluate pH Temperature °C": {
        "id": "8840fd10-f006-43e9-9e53-5c3d8f07240a",
        "type": "NUMBER",
        "value": null,
        "config": {},
        "dataType": "NUMBER"
      },
      "Protein A eluate Conductivity Temperature °C": {
        "id": "cbe450ff-7537-4fef-b6da-29b2f6a71136",
        "type": "NUMBER",
        "value": null,
        "config": {},
        "dataType": "NUMBER"
      }
    },
    "pageContent": [
      {
        "id": "338c4ec6-e190-42a9-b60a-eb2bde6d0aed",
        "type": "p",
        "align": "justify",
        "children": [
          {
            "text": "Take a sample of the remaining Protein A eluate material and measure pH (at 20 ± 2°C) and conductivity (at 20 ± 2°C). Ensure meter is calibrated on day of use."
          }
        ]
      },
      {
        "id": "f5aafe10-33b2-4851-b8c5-6a9996f3fa51",
        "type": "p",
        "children": [
          {
            "text": ""
          }
        ]
      },
      {
        "id": "39331975-eed4-402e-b81b-65a8eb7374b6",
        "type": "field",
        "fieldId": "3c67394a-d05c-4bec-a045-6182c8dc90c9",
        "children": [
          {
            "text": ""
          }
        ]
      },
      {
        "id": "5f51f8f2-202d-4956-94c2-c9706eaca0c9",
        "type": "field",
        "fieldId": "8840fd10-f006-43e9-9e53-5c3d8f07240a",
        "children": [
          {
            "text": ""
          }
        ]
      },
      {
        "id": "479e3b18-dea7-4fbc-b572-edd34d494c9e",
        "type": "field",
        "fieldId": "db022dee-1233-4388-a5e2-0043306d1e8f",
        "children": [
          {
            "text": ""
          }
        ]
      },
      {
        "id": "52a0c880-6707-4e04-bd27-2c5a523498b2",
        "type": "field",
        "fieldId": "cbe450ff-7537-4fef-b6da-29b2f6a71136",
        "children": [
          {
            "text": ""
          }
        ]
      },
      {
        "id": "d38e283a-8197-4197-b8a3-8ce830ff298b",
        "type": "p",
        "children": [
          {
            "text": ""
          }
        ]
      },
      {
        "id": "e5796eda-5a1b-4f1c-946b-14122bdf8415",
        "type": "p",
        "align": "justify",
        "children": [
          {
            "text": "pH meter: EQ - Scanned into ELN (Tick) "
          }
        ]
      },
      {
        "id": "8ddcde73-3f9e-4fa6-a32b-f83c84148e8b",
        "type": "p",
        "align": "justify",
        "children": [
          {
            "text": "Conductivity meter: EQ - Scanned into ELN (Tick) "
          }
        ]
      },
      {
        "id": "2fd277f7-c22f-4dc8-992b-337254cb4f15",
        "type": "p",
        "children": [
          {
            "text": "Temp probe: EQ - Scanned into ELN (Tick) "
          }
        ]
      }
    ]
  },
  "tableView": {
    "properties": [
      {
        "id": "6f417583-05dc-483a-b694-5f4b0e8f93ae",
        "type": "FIELD",
        "fieldId": "8840fd10-f006-43e9-9e53-5c3d8f07240a"
      },
      {
        "id": "066361ef-6df0-4c02-ada5-746208122546",
        "type": "FIELD",
        "fieldId": "3c67394a-d05c-4bec-a045-6182c8dc90c9"
      },
      {
        "id": "7930de4f-3208-4eec-b1dc-dbc52a3d7e87",
        "type": "FIELD",
        "fieldId": "db022dee-1233-4388-a5e2-0043306d1e8f"
      },
      {
        "id": "7c4d7f99-e5ba-4a0f-a40e-fb622dbeea82",
        "type": "FIELD",
        "fieldId": "cbe450ff-7537-4fef-b6da-29b2f6a71136"
      }
    ]
  }
}