{
  "schemaVersion": "1.0.0",
  "id": "4cdbd438-eec2-4733-86f9-ece1bc629f79",
  "title": "ProA - Step 19 and 20",
  "status": "DRAFT",
  "version": null,
  "previousVersion": null,
  "assignees": [],
  "tags": [],
  "duplicatedFromEntity": null,
  "metadata": {
    "index": "0",
    "createdAt": "1970-01-01T00:00:00.000Z",
    "lastUpdatedAt": "1970-01-01T00:00:00.000Z",
    "createdByRoleId": "44444444-4444-4444-4444-444444444444",
    "lastUpdatedByRoleId": "44444444-4444-4444-4444-444444444444",
    "editors": []
  },
  "reviewConfig": null,
  "collections": null,
  "type": "STEP",
  "description": null,
  "recordReviewConfig": null,
  "recordCollections": null,
  "subType": "DATA",
  "recordConfig": {
    "allowMultiple": false,
    "fields": {},
    "pageContent": [
      {
        "id": "b625aeaf-2cf6-46ef-b64c-a53f8e4d0e3a",
        "type": "p",
        "align": "justify",
        "children": [
          {
            "text": "Following loading of product, the program will carry out 3 x post-load washes, product is then eluted from the column by automatically applying 50 mM sodium acetate pH 3.5."
          }
        ]
      },
      {
        "id": "ab2072bf-57a2-4739-bbf0-8120332ccd64",
        "type": "p",
        "children": [
          {
            "text": ""
          }
        ]
      },
      {
        "id": "070cec74-3f62-4359-b839-063f0fe7774e",
        "type": "p",
        "align": "justify",
        "children": [
          {
            "text": "The elution peak will be collected automatically through outlet 6 when A"
          },
          {
            "text": "280",
            "subscript": true
          },
          {
            "text": " absorbance reaches 0.1 AU/cm (or 20 mAU for the AKTA Avant/Pure 25)."
          }
        ]
      },
      {
        "id": "6af655ef-13a5-46c1-89b4-178f34ed68d8",
        "type": "p",
        "children": [
          {
            "text": "\nThe elution collection will automatically cease after the peak returns below 0.1 AU/cm (or 20 mAU for the AKTA Avant/Pure 25)."
          }
        ]
      },
      {
        "id": "6bc177d9-f89e-49ad-a3e3-23a0fcb011bc",
        "type": "p",
        "children": [
          {
            "text": ""
          }
        ]
      },
      {
        "id": "f31e6b09-e7a2-4e33-a98c-9831e0c9e136",
        "type": "p",
        "children": [
          {
            "text": "The elution block will continue until 6 CVs are reached. Following elution, the column will be stripped with 2 CVs of 100 mM Acetic Acid, rinsed with 2 CVs of purified water sanitised with 3 CV of 0.5 M NaOH and further rinsed with 4 CVs of Protein A Equilibration Buffer to remove caustic, then 4 CVs of 20% ethanol storage solution will be applied."
          }
        ]
      }
    ]
  },
  "tableView": {
    "properties": []
  }
}