{
  "schemaVersion": "1.0.0",
  "id": "58cb3348-a85f-47f8-99fe-7f733c389308",
  "title": "ProA - Step 8",
  "status": "DRAFT",
  "version": null,
  "previousVersion": null,
  "assignees": [],
  "tags": [],
  "duplicatedFromEntity": null,
  "metadata": {
    "index": "0",
    "createdAt": "1970-01-01T00:00:00.000Z",
    "lastUpdatedAt": "1970-01-01T00:00:00.000Z",
    "createdByRoleId": "44444444-4444-4444-4444-444444444444",
    "lastUpdatedByRoleId": "44444444-4444-4444-4444-444444444444",
    "editors": []
  },
  "reviewConfig": null,
  "collections": null,
  "type": "STEP",
  "description": null,
  "recordReviewConfig": null,
  "recordCollections": null,
  "subType": "DATA",
  "recordConfig": {
    "allowMultiple": false,
    "fields": {
      "Result File Name": {
        "id": "19325459-1494-4c31-a973-5f55b66d0820",
        "type": "STRING",
        "value": null,
        "config": {},
        "dataType": "STRING"
      },
      "Result File Location": {
        "id": "f4203fdb-ac42-413d-a411-20138f12baae",
        "type": "STRING",
        "value": null,
        "config": {},
        "dataType": "STRING"
      },
      "Room temperature °C": {
        "id": "6d37e4e5-0ad8-4077-80e2-6ce39a4526a0",
        "type": "NUMBER",
        "value": null,
        "config": {},
        "dataType": "NUMBER"
      }
    },
    "pageContent": [
      {
        "id": "5982b0c4-baf5-4881-a59f-e7a55d53f3d4",
        "type": "p",
        "align": "justify",
        "children": [
          {
            "text": "Start method "
          },
          {
            "bold": true,
            "text": "Protein A Small Scale Method"
          }
        ]
      },
      {
        "id": "9cea3c0e-5997-4d45-b942-6af3ae6be593",
        "type": "p",
        "align": "justify",
        "children": [
          {
            "text": "Give the result a file name corresponding to the project number, experiment reference, step, date and operator e.g.:"
          }
        ]
      },
      {
        "id": "42325270-4d8b-42ea-9e75-926120b703a3",
        "type": "p",
        "align": "justify",
        "children": [
          {
            "text": "BXXXX_ELN123456_Protein A Run X_DDMMMYY_XX"
          }
        ]
      },
      {
        "id": "ae8e4562-f31d-403f-a064-49c448b32528",
        "type": "p",
        "children": [
          {
            "text": ""
          }
        ]
      },
      {
        "id": "ca764549-1b9d-4ae4-bc6a-54f83761880e",
        "type": "field",
        "fieldId": "19325459-1494-4c31-a973-5f55b66d0820",
        "children": [
          {
            "text": ""
          }
        ]
      },
      {
        "id": "c98d138a-b381-4077-8f0c-91cf5fdcc4a1",
        "type": "field",
        "fieldId": "f4203fdb-ac42-413d-a411-20138f12baae",
        "children": [
          {
            "text": ""
          }
        ]
      },
      {
        "id": "25410ab4-69ec-44d7-ac9a-65f4cf501717",
        "type": "field",
        "fieldId": "6d37e4e5-0ad8-4077-80e2-6ce39a4526a0",
        "children": [
          {
            "text": ""
          }
        ]
      },
      {
        "id": "3714a6a8-07f4-4296-8366-58e0c3a8d767",
        "type": "p",
        "children": [
          {
            "text": ""
          }
        ]
      },
      {
        "id": "1d8eb413-b3bf-4338-8d7f-af8aa962945c",
        "type": "p",
        "children": [
          {
            "text": "Note: This method will carry out the sanitisation and regeneration of the MabSelect™ SuRe LX™ resin, prior to loading with product. Following elution, the column will be stripped with 2 CVs of 100 mM Acetic Acid, rinsed with 2 CVs of purified water sanitised with 3 CV of 0.5 M NaOH and further rinsed with 4 CVs of Protein A Equilibration Buffer to remove caustic, then 4 CVs of 20% ethanol storage solution will be applied. "
          }
        ]
      }
    ]
  },
  "tableView": {
    "properties": [
      {
        "id": "0ab8923e-ab17-4e5d-96bf-ea818af46c44",
        "type": "FIELD",
        "fieldId": "19325459-1494-4c31-a973-5f55b66d0820"
      },
      {
        "id": "9445550d-1fbb-4fe2-bdbd-b00dc606fc79",
        "type": "FIELD",
        "fieldId": "f4203fdb-ac42-413d-a411-20138f12baae"
      },
      {
        "id": "b4a257fa-f04a-4154-a64e-f753c4b3b93d",
        "type": "FIELD",
        "fieldId": "6d37e4e5-0ad8-4077-80e2-6ce39a4526a0"
      }
    ]
  }
}