{
  "schemaVersion": "1.0.0",
  "id": "635ecf39-154d-4fec-b2b5-eed904512247",
  "title": "ProA - Step 27",
  "status": "DRAFT",
  "version": null,
  "previousVersion": null,
  "assignees": [],
  "tags": [],
  "duplicatedFromEntity": null,
  "metadata": {
    "index": "0",
    "createdAt": "1970-01-01T00:00:00.000Z",
    "lastUpdatedAt": "1970-01-01T00:00:00.000Z",
    "createdByRoleId": "44444444-4444-4444-4444-444444444444",
    "lastUpdatedByRoleId": "44444444-4444-4444-4444-444444444444",
    "editors": []
  },
  "reviewConfig": null,
  "collections": null,
  "type": "STEP",
  "description": null,
  "recordReviewConfig": null,
  "recordCollections": null,
  "subType": "DATA",
  "recordConfig": {
    "allowMultiple": false,
    "fields": {},
    "pageContent": [
      {
        "id": "beb71d15-2541-4862-9c3d-a9aeff816465",
        "type": "p",
        "align": "justify",
        "children": [
          {
            "text": "Freeze samples in project freezer at <-65°C. "
          }
        ]
      },
      {
        "id": "dd1706bd-55fa-4834-b0e8-59927c8dbd47",
        "type": "p",
        "align": "justify",
        "children": [
          {
            "text": "Freezer ELN Reference: EQ  - Scanned into ELN (Tick) "
          }
        ]
      }
    ]
  },
  "tableView": {
    "properties": []
  }
}