{
  "schemaVersion": "1.0.0",
  "id": "735171dd-2b76-415a-a838-50197b2c3f40",
  "title": "ProA - Step 6",
  "status": "DRAFT",
  "version": null,
  "previousVersion": null,
  "assignees": [],
  "tags": [],
  "duplicatedFromEntity": null,
  "metadata": {
    "index": "0",
    "createdAt": "1970-01-01T00:00:00.000Z",
    "lastUpdatedAt": "1970-01-01T00:00:00.000Z",
    "createdByRoleId": "44444444-4444-4444-4444-444444444444",
    "lastUpdatedByRoleId": "44444444-4444-4444-4444-444444444444",
    "editors": []
  },
  "reviewConfig": null,
  "collections": null,
  "type": "STEP",
  "description": null,
  "recordReviewConfig": null,
  "recordCollections": null,
  "subType": "DATA",
  "recordConfig": {
    "allowMultiple": false,
    "fields": {
      "Empty weight of elution collection vessel (A)": {
        "id": "422f1afa-0bc7-4879-a87a-a26094c849bb",
        "type": "NUMBER",
        "value": null,
        "config": {},
        "dataType": "NUMBER"
      }
    },
    "pageContent": [
      {
        "id": "a51667d3-0e7f-4ebb-ae45-e9a1e6ffc135",
        "type": "p",
        "children": [
          {
            "text": "Record the empty weight of the vessel to be used for collection of the product elution peak. Ensure the vessel is labelled and the weight is recorded with the lid on."
          }
        ]
      },
      {
        "id": "52d7b5c6-a253-467a-977d-de9ed1b36b72",
        "type": "p",
        "children": [
          {
            "text": ""
          }
        ]
      },
      {
        "id": "8c08b69b-ed7e-48e9-8eb3-1418ab0a2100",
        "type": "field",
        "fieldId": "422f1afa-0bc7-4879-a87a-a26094c849bb",
        "children": [
          {
            "text": ""
          }
        ]
      }
    ]
  },
  "tableView": {
    "properties": [
      {
        "id": "28574905-4b94-432b-b3b7-a3541f0bf058",
        "type": "FIELD",
        "fieldId": "422f1afa-0bc7-4879-a87a-a26094c849bb"
      }
    ]
  }
}