{
  "schemaVersion": "1.0.0",
  "id": "7b513828-4a27-414a-8022-c272fa08da86",
  "title": "ProA - Step 16",
  "status": "DRAFT",
  "version": null,
  "previousVersion": null,
  "assignees": [],
  "tags": [],
  "duplicatedFromEntity": null,
  "metadata": {
    "index": "0",
    "createdAt": "1970-01-01T00:00:00.000Z",
    "lastUpdatedAt": "1970-01-01T00:00:00.000Z",
    "createdByRoleId": "44444444-4444-4444-4444-444444444444",
    "lastUpdatedByRoleId": "44444444-4444-4444-4444-444444444444",
    "editors": []
  },
  "reviewConfig": null,
  "collections": null,
  "type": "STEP",
  "description": null,
  "recordReviewConfig": null,
  "recordCollections": null,
  "subType": "DATA",
  "recordConfig": {
    "allowMultiple": false,
    "fields": {},
    "pageContent": [
      {
        "id": "c3894c86-20c7-4279-aa19-53b3e217ce0c",
        "type": "p",
        "align": "justify",
        "children": [
          {
            "bold": true,
            "text": "Column Loading Preparation",
            "underline": true
          }
        ]
      },
      {
        "id": "1300a9a2-3003-4a31-918d-69dca17d9540",
        "type": "p",
        "align": "justify",
        "children": [
          {
            "text": "The MabSelect SuRe™ Protein A column should be loaded to"
          },
          {
            "bold": true,
            "text": " a target of 45 mg/mL resin.",
            "italic": true,
            "underline": true
          }
        ]
      },
      {
        "id": "f78d6cef-5cd6-47a9-972e-e222f672d058",
        "type": "p",
        "children": [
          {
            "text": "\n"
          }
        ]
      },
      {
        "id": "9d10b45e-d7d1-4e58-aeaf-e9e8be60bab3",
        "type": "p",
        "align": "justify",
        "children": [
          {
            "text": "Volume of Protein A Load ",
            "strikethrough": true
          },
          {
            "bold": true,
            "text": "350",
            "strikethrough": true
          },
          {
            "text": " mL",
            "strikethrough": true
          }
        ]
      },
      {
        "id": "6cb062a8-2c8c-4902-be3b-f9a884cf16dc",
        "type": "p",
        "align": "justify",
        "children": [
          {
            "bold": true,
            "text": "Concentration of Protein A Load = 3.2 mg/mL",
            "italic": true,
            "underline": true
          }
        ]
      },
      {
        "id": "796ebfd2-d44f-4a4f-9091-3010f7110b97",
        "type": "p",
        "align": "justify",
        "children": [
          {
            "text": "Total material in Load = Vol. of Protein A Load x Concentration of Protein A Load "
          }
        ]
      },
      {
        "id": "cba227d0-28f1-4eda-a58f-c691bdb2362c",
        "type": "p",
        "align": "justify",
        "children": [
          {
            "text": "                                       = "
          },
          {
            "bold": true,
            "text": "1120 mg"
          }
        ]
      },
      {
        "id": "a4dce001-ef62-40f7-833c-7acdce1ff427",
        "type": "p",
        "align": "justify",
        "children": [
          {
            "text": "Column Volume "
          },
          {
            "bold": true,
            "text": "15.7"
          },
          {
            "text": " mL (always 15.7)"
          }
        ]
      },
      {
        "id": "d64721bb-3cfd-4b54-ba83-c38bb94ae327",
        "type": "p",
        "children": [
          {
            "text": "\n"
          }
        ]
      },
      {
        "id": "703e61d2-1749-4b96-8611-894c101140fe",
        "type": "p",
        "align": "justify",
        "children": [
          {
            "text": "Target loading = 15.7 mL (CV) x 45 mg/mL = 706.5 mg"
          }
        ]
      },
      {
        "id": "e6500f90-144f-4c0c-b6d8-c3f095ace6c1",
        "type": "p",
        "align": "justify",
        "children": [
          {
            "text": "Volume to be loaded = Target loading / "
          },
          {
            "bold": true,
            "text": "3.2 mg/mL "
          },
          {
            "text": "(Concentration of Protein A Load) "
          }
        ]
      },
      {
        "id": "c76e6b01-684f-47b6-900b-3f67d81a0677",
        "type": "p",
        "children": [
          {
            "text": "                                      "
          },
          {
            "bold": true,
            "text": "= 220.8 mL",
            "underline": true
          }
        ]
      }
    ]
  },
  "tableView": {
    "properties": []
  }
}