{
  "schemaVersion": "1.0.0",
  "id": "988446b5-6e3b-43c7-8702-7a279aa8d9c7",
  "title": "ProA - Step 9",
  "status": "DRAFT",
  "version": null,
  "previousVersion": null,
  "assignees": [],
  "tags": [],
  "duplicatedFromEntity": null,
  "metadata": {
    "index": "0",
    "createdAt": "1970-01-01T00:00:00.000Z",
    "lastUpdatedAt": "1970-01-01T00:00:00.000Z",
    "createdByRoleId": "44444444-4444-4444-4444-444444444444",
    "lastUpdatedByRoleId": "44444444-4444-4444-4444-444444444444",
    "editors": []
  },
  "reviewConfig": null,
  "collections": null,
  "type": "STEP",
  "description": null,
  "recordReviewConfig": null,
  "recordCollections": null,
  "subType": "DATA",
  "recordConfig": {
    "allowMultiple": false,
    "fields": {
      "Column effluent pH": {
        "id": "76f39452-67e2-487f-8f44-a7c31934745c",
        "type": "NUMBER",
        "value": null,
        "config": {},
        "dataType": "NUMBER"
      },
      "Equilibration buffer pH": {
        "id": "2db064e9-2b53-4148-b95d-cae76f9d2142",
        "type": "NUMBER",
        "value": null,
        "config": {},
        "dataType": "NUMBER"
      },
      "Column effluent conductivity mS/cm": {
        "id": "0454f9f9-3a92-4da9-bf52-2e69ec0c6a6e",
        "type": "NUMBER",
        "value": null,
        "config": {},
        "dataType": "NUMBER"
      },
      "Column effluent pH Temperature °C": {
        "id": "3b04109c-ce08-47c5-bb3b-4864addea12a",
        "type": "NUMBER",
        "value": null,
        "config": {},
        "dataType": "NUMBER"
      },
      "Equilibration buffer conductivity mS/cm": {
        "id": "fed546c6-29e0-4052-9ad1-71cb39ae93a7",
        "type": "NUMBER",
        "value": null,
        "config": {},
        "dataType": "NUMBER"
      },
      "Equilibration buffer pH Temperature °C": {
        "id": "4ed91ca4-1cf3-48bf-9518-8623e8a17921",
        "type": "NUMBER",
        "value": null,
        "config": {},
        "dataType": "NUMBER"
      },
      "Column effluent conductivity Temperature °C": {
        "id": "34bbb239-7b37-42bf-b0ba-7a70e7ec7f3e",
        "type": "NUMBER",
        "value": null,
        "config": {},
        "dataType": "NUMBER"
      },
      "Equilibration buffer conductivity Temperature°C": {
        "id": "1dc5edca-690e-463d-b896-66586aec2716",
        "type": "NUMBER",
        "value": null,
        "config": {},
        "dataType": "NUMBER"
      }
    },
    "pageContent": [
      {
        "id": "f49df296-0f54-4fd0-97fb-57bfb8e88082",
        "type": "p",
        "align": "justify",
        "children": [
          {
            "text": "After 3.8 CVs of the equilibration the method will pause for a pH and conductivity check of the column effluent."
          }
        ]
      },
      {
        "id": "8a21aded-e06d-4951-bb5d-3626ae3d927c",
        "type": "p",
        "children": [
          {
            "text": ""
          }
        ]
      },
      {
        "id": "e4c6e86d-abdd-4ce5-977a-224126be59e5",
        "type": "p",
        "align": "justify",
        "children": [
          {
            "text": "Measure the pH and Conductivity of the collected sample of the equilibration effluent from outlet 1."
          }
        ]
      },
      {
        "id": "8bfd77b9-7f6f-49a8-aa57-eaf11042be28",
        "type": "h3",
        "align": "justify",
        "children": [
          {
            "text": "pH"
          }
        ]
      },
      {
        "id": "3e822d13-2fb5-4048-ab08-6fb42b03e6a8",
        "type": "p",
        "align": "justify",
        "children": [
          {
            "text": "Criteria: The pH should be ± 0.2 pH units of the equilibration buffer. Read at 20 ± 2 °C.",
            "italic": true
          }
        ]
      },
      {
        "id": "5616aa2a-8e88-4d70-a27b-459fcd815aeb",
        "type": "field",
        "fieldId": "2db064e9-2b53-4148-b95d-cae76f9d2142",
        "children": [
          {
            "text": ""
          }
        ]
      },
      {
        "id": "37685e49-5cd0-4f32-916f-a87f5cad2629",
        "type": "field",
        "fieldId": "4ed91ca4-1cf3-48bf-9518-8623e8a17921",
        "children": [
          {
            "text": ""
          }
        ]
      },
      {
        "id": "ea1d6e4e-8da1-47d9-9e01-627a4df6a3c1",
        "type": "field",
        "fieldId": "76f39452-67e2-487f-8f44-a7c31934745c",
        "children": [
          {
            "text": ""
          }
        ]
      },
      {
        "id": "287ada16-ad7a-41c2-ad56-fe7d1632e358",
        "type": "field",
        "fieldId": "3b04109c-ce08-47c5-bb3b-4864addea12a",
        "children": [
          {
            "text": ""
          }
        ]
      },
      {
        "id": "29f21d9a-51aa-4484-ad62-e076251f63ec",
        "type": "p",
        "align": "justify",
        "children": [
          {
            "text": ""
          }
        ]
      },
      {
        "id": "4a1f2ac8-8720-4bec-a602-5b7ccdab919b",
        "type": "h3",
        "align": "justify",
        "children": [
          {
            "text": "Conductivity"
          }
        ]
      },
      {
        "id": "d74913ce-bba8-4c77-98ac-1912ee2bb03a",
        "type": "p",
        "align": "justify",
        "children": [
          {
            "text": "Criteria: Conductivity should be ± 10% of equilibration buffer. Read at 20°C ± 2 °C.",
            "italic": true
          }
        ]
      },
      {
        "id": "81c5ea15-08dd-428b-9ede-73cf11e76ed7",
        "type": "field",
        "fieldId": "fed546c6-29e0-4052-9ad1-71cb39ae93a7",
        "children": [
          {
            "text": ""
          }
        ]
      },
      {
        "id": "7fef9ea0-429d-4767-beb6-9edaea1c61ac",
        "type": "field",
        "fieldId": "1dc5edca-690e-463d-b896-66586aec2716",
        "children": [
          {
            "text": ""
          }
        ]
      },
      {
        "id": "ede9a8a4-65e9-428a-966d-01e3c0b9aa71",
        "type": "field",
        "fieldId": "0454f9f9-3a92-4da9-bf52-2e69ec0c6a6e",
        "children": [
          {
            "text": ""
          }
        ]
      },
      {
        "id": "b2190343-6131-4361-a082-12f3d081d1c2",
        "type": "field",
        "fieldId": "34bbb239-7b37-42bf-b0ba-7a70e7ec7f3e",
        "children": [
          {
            "text": ""
          }
        ]
      },
      {
        "id": "d806a1c3-2e43-47fc-8ed4-68da51fa8a54",
        "type": "p",
        "children": [
          {
            "text": "\n"
          }
        ]
      },
      {
        "id": "c3850626-cdf4-4a26-abf7-74bea1175279",
        "type": "p",
        "align": "justify",
        "children": [
          {
            "text": "If the pH and conductivity is not in the range seek technical advice."
          }
        ]
      },
      {
        "id": "afcd2c08-a1fb-4097-b101-598439373de5",
        "type": "p",
        "children": [
          {
            "text": "\n"
          },
          {
            "bold": true,
            "text": "DO NOT CONTINUE THE METHOD "
          },
          {
            "text": "until the load line (S1) has been transferred into the Protein A load material"
          }
        ]
      },
      {
        "id": "0836c757-a1eb-4bab-8b10-751014a70f82",
        "type": "p",
        "children": [
          {
            "text": "\n"
          }
        ]
      },
      {
        "id": "77a48645-35be-4c63-afd5-da3968dec1d8",
        "type": "p",
        "children": [
          {
            "text": ""
          }
        ]
      }
    ]
  },
  "tableView": {
    "properties": [
      {
        "id": "8cf17125-ec05-450e-8de2-4569ec7e6697",
        "type": "FIELD",
        "fieldId": "2db064e9-2b53-4148-b95d-cae76f9d2142"
      },
      {
        "id": "8a98b81e-0cac-4d25-84e9-a4dda1c44c48",
        "type": "FIELD",
        "fieldId": "4ed91ca4-1cf3-48bf-9518-8623e8a17921"
      },
      {
        "id": "e9d34a51-fe94-42b9-a6e5-4dd1174cc357",
        "type": "FIELD",
        "fieldId": "3b04109c-ce08-47c5-bb3b-4864addea12a"
      },
      {
        "id": "3d7b2635-9d77-44d5-be85-321428468888",
        "type": "FIELD",
        "fieldId": "76f39452-67e2-487f-8f44-a7c31934745c"
      },
      {
        "id": "ae0f6c6e-c467-40ad-9569-d1d0102e45d6",
        "type": "FIELD",
        "fieldId": "1dc5edca-690e-463d-b896-66586aec2716"
      },
      {
        "id": "dae5b80f-0410-4c90-9373-25d25533bb97",
        "type": "FIELD",
        "fieldId": "fed546c6-29e0-4052-9ad1-71cb39ae93a7"
      },
      {
        "id": "8d1b822c-0164-4a87-b05a-313ba63ea9ea",
        "type": "FIELD",
        "fieldId": "34bbb239-7b37-42bf-b0ba-7a70e7ec7f3e"
      },
      {
        "id": "d54c5b13-15e5-4f2a-84ca-7019f6fd8dcb",
        "type": "FIELD",
        "fieldId": "0454f9f9-3a92-4da9-bf52-2e69ec0c6a6e"
      }
    ]
  }
}