{
  "schemaVersion": "1.0.0",
  "id": "9e44952a-94e9-4dc3-b06b-723ead48f829",
  "title": "ProA - Step 24",
  "status": "DRAFT",
  "version": null,
  "previousVersion": null,
  "assignees": [],
  "tags": [],
  "duplicatedFromEntity": null,
  "metadata": {
    "index": "0",
    "createdAt": "1970-01-01T00:00:00.000Z",
    "lastUpdatedAt": "1970-01-01T00:00:00.000Z",
    "createdByRoleId": "44444444-4444-4444-4444-444444444444",
    "lastUpdatedByRoleId": "44444444-4444-4444-4444-444444444444",
    "editors": []
  },
  "reviewConfig": null,
  "collections": null,
  "type": "STEP",
  "description": null,
  "recordReviewConfig": null,
  "recordCollections": null,
  "subType": "DATA",
  "recordConfig": {
    "allowMultiple": false,
    "fields": {},
    "pageContent": [
      {
        "id": "9253528d-daa0-4308-9e71-b13391f10711",
        "type": "p",
        "children": [
          {
            "text": "Once the method has finished, record the volumes from Unicorn (this is summarised in the results window in the evaluation mode). Confirm that the AKTA has performed each individual block and delivered the correct amount of CV in each block."
          }
        ]
      },
      {
        "id": "7c05e4e6-669b-46d8-8929-2927540c303c",
        "type": "p",
        "children": [
          {
            "text": ""
          }
        ]
      },
      {
        "id": "b4d1d749-145b-4bb7-9980-d50fd7410728",
        "type": "p",
        "align": "justify",
        "children": [
          {
            "bold": true,
            "text": "Table 5. Protein A step volumes"
          }
        ]
      },
      {
        "id": "b3adab8e-0190-4e85-b43b-3ca7626d2c11",
        "type": "table",
        "children": [
          {
            "id": "e337b9cc-8a76-4a5d-a490-113b1f349b79",
            "type": "tr",
            "children": [
              {
                "id": "5d403956-3bf4-4b65-aeb2-592d40717b30",
                "type": "td",
                "children": [
                  {
                    "id": "ade06a5a-79be-44f6-a36e-fd0e92070c9a",
                    "type": "p",
                    "align": "center",
                    "children": [
                      {
                        "text": "Sample"
                      }
                    ]
                  }
                ]
              },
              {
                "id": "2f814269-1b59-44bd-baf0-3bc10eb4b376",
                "type": "td",
                "children": [
                  {
                    "id": "2b17466b-1010-4739-849d-730f74da5502",
                    "type": "p",
                    "align": "center",
                    "children": [
                      {
                        "text": "Volume from Unicorn (mL)"
                      }
                    ]
                  }
                ]
              }
            ]
          },
          {
            "id": "f6f80af9-bef9-400e-92e5-38368b0b2e9e",
            "type": "tr",
            "children": [
              {
                "id": "aaba3c6f-5315-45a7-8370-5473069e31f9",
                "type": "td",
                "children": [
                  {
                    "id": "8e18e6f1-e8ea-4433-9042-312614911775",
                    "type": "p",
                    "align": "center",
                    "children": [
                      {
                        "text": "Protein A Load"
                      }
                    ]
                  }
                ]
              },
              {
                "id": "4be1829d-ed24-4380-a0dd-3733dae3ac8c",
                "type": "td",
                "children": [
                  {
                    "id": "433e9c0f-a4e2-49b7-9181-d1b616e0e09b",
                    "type": "p",
                    "children": [
                      {
                        "text": "\n\n"
                      }
                    ]
                  }
                ]
              }
            ]
          },
          {
            "id": "200236ef-9da2-405e-be51-c032b548f8ef",
            "type": "tr",
            "children": [
              {
                "id": "bcd6962b-fbe5-4d43-9ca8-9451384313b0",
                "type": "td",
                "children": [
                  {
                    "id": "86fc93da-f646-4512-aab7-50d381969e95",
                    "type": "p",
                    "align": "center",
                    "children": [
                      {
                        "text": "Protein A PLW1"
                      }
                    ]
                  }
                ]
              },
              {
                "id": "6368df7f-cb44-49d8-8dc2-a64351f570ec",
                "type": "td",
                "children": [
                  {
                    "id": "366086c0-94c9-46c0-a702-df73de0f7555",
                    "type": "p",
                    "children": [
                      {
                        "text": "\n\n"
                      }
                    ]
                  }
                ]
              }
            ]
          },
          {
            "id": "355f5620-965a-48fc-bcb9-1819f46e5931",
            "type": "tr",
            "children": [
              {
                "id": "9f22c18b-05f5-48ef-8b88-853fe2d484da",
                "type": "td",
                "children": [
                  {
                    "id": "e30a0ea5-a1a9-49ca-bfd4-4c2311656ba5",
                    "type": "p",
                    "align": "center",
                    "children": [
                      {
                        "text": "Protein A PLW2"
                      }
                    ]
                  }
                ]
              },
              {
                "id": "197b2fc0-1fac-4a5a-b29d-fa13f55ef6ad",
                "type": "td",
                "children": [
                  {
                    "id": "ba213f2e-99c2-4b31-b77c-8b7cd484e15a",
                    "type": "p",
                    "children": [
                      {
                        "text": "\n\n"
                      }
                    ]
                  }
                ]
              }
            ]
          },
          {
            "id": "94f46a22-ed1c-4148-b08c-70214d1966c3",
            "type": "tr",
            "children": [
              {
                "id": "73074457-6a91-449a-ba35-d1d4290bcae6",
                "type": "td",
                "children": [
                  {
                    "id": "cfbbfa64-6838-4759-a7ef-c107130d7bee",
                    "type": "p",
                    "align": "center",
                    "children": [
                      {
                        "text": "Protein A PLW3"
                      }
                    ]
                  }
                ]
              },
              {
                "id": "8cb7e629-7963-402a-bd63-f4d11b878d57",
                "type": "td",
                "children": [
                  {
                    "id": "f6491fe6-1cfa-4919-9da7-b4f10c3370d5",
                    "type": "p",
                    "children": [
                      {
                        "text": "\n\n"
                      }
                    ]
                  }
                ]
              }
            ]
          },
          {
            "id": "c9600cfd-1fac-4530-a14c-cfd48a6a64f1",
            "type": "tr",
            "children": [
              {
                "id": "77f2ecde-e656-42e9-a3a5-f9791bee162e",
                "type": "td",
                "children": [
                  {
                    "id": "4242a094-032e-460b-b829-5769a0f03f35",
                    "type": "p",
                    "align": "center",
                    "children": [
                      {
                        "text": "Protein A Pre-elution"
                      }
                    ]
                  }
                ]
              },
              {
                "id": "59c35cb9-9746-4269-bf38-ee82227aa95c",
                "type": "td",
                "children": [
                  {
                    "id": "de447249-1946-4482-b841-7eef4741af74",
                    "type": "p",
                    "children": [
                      {
                        "text": "\n\n"
                      }
                    ]
                  }
                ]
              }
            ]
          },
          {
            "id": "7605b6df-9e30-48fe-86b6-78e5ca49fa89",
            "type": "tr",
            "children": [
              {
                "id": "5d634022-71e0-42e2-b0e3-69e07b7e428d",
                "type": "td",
                "children": [
                  {
                    "id": "24414423-b93d-493b-a65d-617f838605eb",
                    "type": "p",
                    "align": "center",
                    "children": [
                      {
                        "text": "Protein A elution"
                      }
                    ]
                  }
                ]
              },
              {
                "id": "bc4e3289-fa4f-4d77-8391-3941313dac34",
                "type": "td",
                "children": [
                  {
                    "id": "b21876e2-6adb-48c6-b733-84aa968a901e",
                    "type": "p",
                    "children": [
                      {
                        "text": "\n\n"
                      }
                    ]
                  }
                ]
              }
            ]
          }
        ]
      },
      {
        "id": "864839ab-8177-4587-8b77-22ed5a16f5fb",
        "type": "p",
        "children": [
          {
            "text": "\n"
          }
        ]
      },
      {
        "id": "f6686af0-d9f2-409d-8d36-9ce92da6d57b",
        "type": "p",
        "align": "justify",
        "children": [
          {
            "text": "If additional analysis has been performed, record in the supplementary notes."
          }
        ]
      },
      {
        "id": "5ed37b79-4ecb-42d7-a002-e0f5a31431bf",
        "type": "p",
        "children": [
          {
            "text": "\n"
          }
        ]
      }
    ]
  },
  "tableView": {
    "properties": []
  }
}