{
  "schemaVersion": "1.0.0",
  "id": "9f3d5c02-fca6-448f-b460-bc2c1de38a84",
  "title": "ProA - Step 25",
  "status": "DRAFT",
  "version": null,
  "previousVersion": null,
  "assignees": [],
  "tags": [],
  "duplicatedFromEntity": null,
  "metadata": {
    "index": "0",
    "createdAt": "1970-01-01T00:00:00.000Z",
    "lastUpdatedAt": "1970-01-01T00:00:00.000Z",
    "createdByRoleId": "44444444-4444-4444-4444-444444444444",
    "lastUpdatedByRoleId": "44444444-4444-4444-4444-444444444444",
    "editors": []
  },
  "reviewConfig": null,
  "collections": null,
  "type": "STEP",
  "description": null,
  "recordReviewConfig": null,
  "recordCollections": null,
  "subType": "DATA",
  "recordConfig": {
    "allowMultiple": false,
    "fields": {
      "Chromatogram profile as expected": {
        "id": "16e9a7d9-2fa9-4037-8349-1a448811c2a8",
        "type": "SELECT",
        "value": null,
        "config": {
          "allowMultiple": false,
          "selectOptions": [
            "Yes",
            "No"
          ]
        },
        "dataType": "SELECT"
      }
    },
    "pageContent": [
      {
        "id": "a2c7f6b7-46da-47e5-9a2b-dac37a78f343",
        "type": "p",
        "align": "justify",
        "children": [
          {
            "text": "Review the chromatogram to confirm the profile of the UV, pH and conductivity curves are as expected based on the example chromatogram from the 200 L demonstration run."
          }
        ]
      },
      {
        "id": "bc928268-f472-4a87-9df5-08d80270e6ed",
        "type": "p",
        "children": [
          {
            "text": ""
          }
        ]
      },
      {
        "id": "c335169e-0402-4c01-b6cc-7f844fcc39a4",
        "type": "field",
        "fieldId": "16e9a7d9-2fa9-4037-8349-1a448811c2a8",
        "children": [
          {
            "text": ""
          }
        ]
      },
      {
        "id": "174175e5-fa41-4acb-8f71-939ffa3b8e73",
        "type": "p",
        "align": "justify",
        "children": [
          {
            "text": "If not, note down any observations in supplementary notes and seek technical advice. "
          }
        ]
      }
    ]
  },
  "tableView": {
    "properties": [
      {
        "id": "c6dd67d9-7634-45da-9d32-ed7650ad0233",
        "type": "FIELD",
        "fieldId": "16e9a7d9-2fa9-4037-8349-1a448811c2a8"
      }
    ]
  }
}