{
  "schemaVersion": "1.0.0",
  "id": "ae5b6c7d-a3e5-4c73-937d-29837ce1ad26",
  "title": "ProA - Step 13",
  "status": "DRAFT",
  "version": null,
  "previousVersion": null,
  "assignees": [],
  "tags": [],
  "duplicatedFromEntity": null,
  "metadata": {
    "index": "0",
    "createdAt": "1970-01-01T00:00:00.000Z",
    "lastUpdatedAt": "1970-01-01T00:00:00.000Z",
    "createdByRoleId": "44444444-4444-4444-4444-444444444444",
    "lastUpdatedByRoleId": "44444444-4444-4444-4444-444444444444",
    "editors": []
  },
  "reviewConfig": null,
  "collections": null,
  "type": "STEP",
  "description": null,
  "recordReviewConfig": null,
  "recordCollections": null,
  "subType": "DATA",
  "recordConfig": {
    "allowMultiple": false,
    "fields": {
      "Mixing End time": {
        "id": "3b74267b-fbe0-440c-80a2-edf302cf9aed",
        "type": "DATETIME",
        "value": null,
        "config": {},
        "dataType": "DATETIME"
      },
      "Mixing Start time": {
        "id": "434457fc-473d-474d-beef-4cddec06a840",
        "type": "DATETIME",
        "value": null,
        "config": {},
        "dataType": "DATETIME"
      }
    },
    "pageContent": [
      {
        "id": "82717e8e-846d-4f4c-87a7-5f9d3def444c",
        "type": "p",
        "align": "justify",
        "children": [
          {
            "text": "Mix the thawed filtered Protein A Load for a minimum of 1 minute. Mix gently enough that foaming does not occur, but fast enough to ensure a homogenous mixture. "
          }
        ]
      },
      {
        "id": "26f9decf-5246-44ca-95d0-a3325f317a66",
        "type": "field",
        "fieldId": "434457fc-473d-474d-beef-4cddec06a840",
        "children": [
          {
            "text": ""
          }
        ]
      },
      {
        "id": "5075080c-599d-445c-8ea4-e321603fcf3c",
        "type": "field",
        "fieldId": "3b74267b-fbe0-440c-80a2-edf302cf9aed",
        "children": [
          {
            "text": ""
          }
        ]
      }
    ]
  },
  "tableView": {
    "properties": [
      {
        "id": "36271ac5-ea68-46f1-89d6-813d8d8a3a5b",
        "type": "FIELD",
        "fieldId": "434457fc-473d-474d-beef-4cddec06a840"
      },
      {
        "id": "8276e168-962e-440e-93d2-ff421d34df21",
        "type": "FIELD",
        "fieldId": "3b74267b-fbe0-440c-80a2-edf302cf9aed"
      }
    ]
  }
}