{
  "schemaVersion": "1.0.0",
  "id": "b22958c6-d198-4b5b-92e8-566fcba4e48c",
  "title": "ProA - Step 7",
  "status": "DRAFT",
  "version": null,
  "previousVersion": null,
  "assignees": [],
  "tags": [],
  "duplicatedFromEntity": null,
  "metadata": {
    "index": "0",
    "createdAt": "1970-01-01T00:00:00.000Z",
    "lastUpdatedAt": "1970-01-01T00:00:00.000Z",
    "createdByRoleId": "44444444-4444-4444-4444-444444444444",
    "lastUpdatedByRoleId": "44444444-4444-4444-4444-444444444444",
    "editors": []
  },
  "reviewConfig": null,
  "collections": null,
  "type": "STEP",
  "description": null,
  "recordReviewConfig": null,
  "recordCollections": null,
  "subType": "DATA",
  "recordConfig": {
    "allowMultiple": false,
    "fields": {},
    "pageContent": [
      {
        "id": "f1a8aca3-188e-4cf6-af31-7cd14253ac9b",
        "type": "p",
        "children": [
          {
            "text": "Once outlets are primed, obtain PETG bottles as detailed in the table below, or other suitably sized container, and label them appropriately. Place each AKTA outlet line into the appropriate container."
          }
        ]
      },
      {
        "id": "8a1432ad-a25a-46af-bb65-c4ea42e2c381",
        "type": "p",
        "children": [
          {
            "text": ""
          }
        ]
      },
      {
        "id": "6a0ed71e-9e98-4180-911a-23ab3b56b69b",
        "type": "p",
        "align": "justify",
        "children": [
          {
            "bold": true,
            "text": "Table 4. Outlet lines collection"
          }
        ]
      },
      {
        "id": "e373b6f8-849c-4d83-9540-f59627b7e82b",
        "type": "table",
        "children": [
          {
            "id": "d9afc87e-9f9c-44b1-91ff-c49b8cfbf0ad",
            "type": "tr",
            "children": [
              {
                "id": "d4a95185-2a9c-4221-9bc4-5d414312c043",
                "type": "td",
                "children": [
                  {
                    "id": "00c28615-8589-4cf2-9c6e-0aaea4fdcdcb",
                    "type": "p",
                    "align": "center",
                    "children": [
                      {
                        "text": "Outlet"
                      }
                    ]
                  }
                ]
              },
              {
                "id": "95225a39-ce81-4eb4-9813-1a99c9e0d329",
                "type": "td",
                "children": [
                  {
                    "id": "033f178c-7737-47d6-a18b-014fdaecd2d9",
                    "type": "p",
                    "align": "center",
                    "children": [
                      {
                        "text": "Required Volume (mL)"
                      }
                    ]
                  }
                ]
              },
              {
                "id": "60dab953-5a7a-4657-aae6-aabffdfe821e",
                "type": "td",
                "children": [
                  {
                    "id": "7e395cd2-1b48-4fdb-be5b-e9f6ca836a13",
                    "type": "p",
                    "align": "center",
                    "children": [
                      {
                        "text": "Label"
                      }
                    ]
                  }
                ]
              }
            ]
          },
          {
            "id": "6c09f7ff-bb55-454a-aa5c-5a0fe1963242",
            "type": "tr",
            "children": [
              {
                "id": "e3d2c4c4-4f0d-45e9-adbc-b22878b9db19",
                "type": "td",
                "children": [
                  {
                    "id": "a9aad3dc-423a-4365-8817-bc14065ee151",
                    "type": "p",
                    "align": "center",
                    "children": [
                      {
                        "text": "Outlet 1"
                      }
                    ]
                  }
                ]
              },
              {
                "id": "03cac863-928a-4d11-9195-9fec56248d26",
                "type": "td",
                "children": [
                  {
                    "id": "8c00ad57-a062-4419-9079-4859afe5395e",
                    "type": "p",
                    "align": "center",
                    "children": [
                      {
                        "text": "20"
                      }
                    ]
                  }
                ]
              },
              {
                "id": "a0903f32-7478-4e86-be4e-ed943b7e35e6",
                "type": "td",
                "children": [
                  {
                    "id": "653d851c-a370-4793-9c94-633e1d6cb47a",
                    "type": "p",
                    "align": "center",
                    "children": [
                      {
                        "text": "Equilibration check sample"
                      }
                    ]
                  }
                ]
              }
            ]
          },
          {
            "id": "799df7d4-7b89-4db2-aa07-6157d2aaba0e",
            "type": "tr",
            "children": [
              {
                "id": "aa7f77e4-4f05-482a-b878-9e5572ef4242",
                "type": "td",
                "children": [
                  {
                    "id": "852e9891-51e7-415b-8443-e2f6c95aff2a",
                    "type": "p",
                    "align": "center",
                    "children": [
                      {
                        "text": "Outlet 2"
                      }
                    ]
                  }
                ]
              },
              {
                "id": "4f1a8ead-3fc5-4e04-8256-d001247df383",
                "type": "td",
                "children": [
                  {
                    "id": "a146945c-37b9-4562-882b-a98bfec9df94",
                    "type": "p",
                    "align": "center",
                    "children": [
                      {
                        "text": "500"
                      }
                    ]
                  }
                ]
              },
              {
                "id": "e0d47cef-90ec-416f-9dc2-54c971d02b3e",
                "type": "td",
                "children": [
                  {
                    "id": "cae53612-ed69-4e2c-b7b5-5f7e9108effe",
                    "type": "p",
                    "align": "center",
                    "children": [
                      {
                        "text": "Protein A Flowthrough"
                      }
                    ]
                  }
                ]
              }
            ]
          },
          {
            "id": "9b08f544-f743-428b-a463-667c7a2b29ad",
            "type": "tr",
            "children": [
              {
                "id": "6209130f-1506-4a5c-879c-16d0ac3b3452",
                "type": "td",
                "children": [
                  {
                    "id": "6f927f80-9f7b-4fa0-beae-8df0df3f85bb",
                    "type": "p",
                    "align": "center",
                    "children": [
                      {
                        "text": "Outlet 3"
                      }
                    ]
                  }
                ]
              },
              {
                "id": "7fad32f6-9169-4333-a68a-539b0f7c7668",
                "type": "td",
                "children": [
                  {
                    "id": "927abd6b-88ab-438b-bde2-07e20f0d9e61",
                    "type": "p",
                    "align": "center",
                    "children": [
                      {
                        "text": "125"
                      }
                    ]
                  }
                ]
              },
              {
                "id": "82bc5afb-41fb-4b4e-a95a-13bfc38caba7",
                "type": "td",
                "children": [
                  {
                    "id": "f9c9921e-493f-4edc-a9ba-631bc08f24df",
                    "type": "p",
                    "align": "center",
                    "children": [
                      {
                        "text": "Protein A Wash 1"
                      }
                    ]
                  }
                ]
              }
            ]
          },
          {
            "id": "8a9106c4-1316-416c-a9b4-270c2dbd20d9",
            "type": "tr",
            "children": [
              {
                "id": "52028e38-0369-4f0d-ba83-dc7875c9de50",
                "type": "td",
                "children": [
                  {
                    "id": "5bce20fc-284c-433f-a1e2-ed168eaac6c5",
                    "type": "p",
                    "align": "center",
                    "children": [
                      {
                        "text": "Outlet 4"
                      }
                    ]
                  }
                ]
              },
              {
                "id": "ebc86fc8-fa94-4992-a705-1fdd0385d4ea",
                "type": "td",
                "children": [
                  {
                    "id": "12508b1d-7090-4d6d-9e03-04ede5ce0ddc",
                    "type": "p",
                    "align": "center",
                    "children": [
                      {
                        "text": "125"
                      }
                    ]
                  }
                ]
              },
              {
                "id": "4e9786e0-4bea-4b4c-93c0-1dc4ad99be77",
                "type": "td",
                "children": [
                  {
                    "id": "d2dd1c84-dc9d-437d-a57c-2be070454f9d",
                    "type": "p",
                    "align": "center",
                    "children": [
                      {
                        "text": "Protein A Wash 2"
                      }
                    ]
                  }
                ]
              }
            ]
          },
          {
            "id": "6f7c4a2f-e76f-4d4b-8630-6f864d277cba",
            "type": "tr",
            "children": [
              {
                "id": "ab1b39f5-2d19-4dde-836c-1413cf16055b",
                "type": "td",
                "children": [
                  {
                    "id": "5083949f-830c-4375-8b01-a62fa4355e1a",
                    "type": "p",
                    "align": "center",
                    "children": [
                      {
                        "text": "Outlet 5"
                      }
                    ]
                  }
                ]
              },
              {
                "id": "5cacd06d-e694-4937-8b73-fc511cff86d8",
                "type": "td",
                "children": [
                  {
                    "id": "d526188e-9a00-4339-8368-8ed9dc21dea9",
                    "type": "p",
                    "align": "center",
                    "children": [
                      {
                        "text": "50"
                      }
                    ]
                  }
                ]
              },
              {
                "id": "2af66603-5ecb-4949-9576-3a877dc09e0f",
                "type": "td",
                "children": [
                  {
                    "id": "1e85cb15-49df-4eae-b6fe-375e204f39a5",
                    "type": "p",
                    "align": "center",
                    "children": [
                      {
                        "text": "Protein A Wash 3"
                      }
                    ]
                  }
                ]
              }
            ]
          },
          {
            "id": "bf9a5029-2a14-4b96-a258-438a3501110c",
            "type": "tr",
            "children": [
              {
                "id": "911edde8-0d7e-4193-a012-82fc517b65f5",
                "type": "td",
                "children": [
                  {
                    "id": "7564ed15-951f-460c-ab2a-254c1bc986a6",
                    "type": "p",
                    "align": "center",
                    "children": [
                      {
                        "text": "Outlet 6"
                      }
                    ]
                  }
                ]
              },
              {
                "id": "3e59c293-5d97-4438-8e85-0e12183977ef",
                "type": "td",
                "children": [
                  {
                    "id": "931ed9d5-3f0a-4612-aa7d-d9645c3a2c4b",
                    "type": "p",
                    "align": "center",
                    "children": [
                      {
                        "text": "60"
                      }
                    ]
                  }
                ]
              },
              {
                "id": "9ded33b2-1536-4462-98ab-e42ad4c9bb29",
                "type": "td",
                "children": [
                  {
                    "id": "763c3ca4-f8d8-4f1e-9aac-c5c0dfefd54d",
                    "type": "p",
                    "align": "center",
                    "children": [
                      {
                        "text": "Protein A pre-elution"
                      }
                    ]
                  }
                ]
              }
            ]
          },
          {
            "id": "25f4ce21-f31b-49f6-8edb-90e648dca3ab",
            "type": "tr",
            "children": [
              {
                "id": "2debd7ee-bf05-4709-b30d-c71e0cf4df4f",
                "type": "td",
                "children": [
                  {
                    "id": "0e4b8f5d-8a80-4d99-999d-76529bd33555",
                    "type": "p",
                    "align": "center",
                    "children": [
                      {
                        "text": "Outlet 7"
                      }
                    ]
                  }
                ]
              },
              {
                "id": "2400d25a-74ad-4e5c-a8ef-f35d14a6e3da",
                "type": "td",
                "children": [
                  {
                    "id": "a7355fc1-672f-4b4c-8ac1-1875f4df172f",
                    "type": "p",
                    "align": "center",
                    "children": [
                      {
                        "text": "60"
                      }
                    ]
                  }
                ]
              },
              {
                "id": "dbf41d92-9509-4598-8a66-90c4cac2b9c2",
                "type": "td",
                "children": [
                  {
                    "id": "36144a55-00c1-43fc-a957-4cce0426a499",
                    "type": "p",
                    "align": "center",
                    "children": [
                      {
                        "text": "Protein A Elution peak"
                      }
                    ]
                  }
                ]
              }
            ]
          },
          {
            "id": "e3c26718-a610-44b5-ab73-f43b564fc9d6",
            "type": "tr",
            "children": [
              {
                "id": "011b7305-a751-4557-945a-59f100433e87",
                "type": "td",
                "children": [
                  {
                    "id": "e4e6d7f8-0b86-45dd-b04f-3171f5b35637",
                    "type": "p",
                    "align": "center",
                    "children": [
                      {
                        "text": "Outlet 8"
                      }
                    ]
                  }
                ]
              },
              {
                "id": "fddfce86-7421-445e-bbd6-14223ad560bc",
                "type": "td",
                "children": [
                  {
                    "id": "54a2c8ad-db64-48e3-b4b3-36d16003718b",
                    "type": "p",
                    "align": "center",
                    "children": [
                      {
                        "text": "125"
                      }
                    ]
                  }
                ]
              },
              {
                "id": "756817a2-172f-44dd-8d68-1f8a01b624df",
                "type": "td",
                "children": [
                  {
                    "id": "f012e1bb-f9d8-42b2-beed-488b9ea174a0",
                    "type": "p",
                    "align": "center",
                    "children": [
                      {
                        "text": "Protein A Strip"
                      }
                    ]
                  }
                ]
              }
            ]
          }
        ]
      },
      {
        "id": "6948b67f-ddc4-42c1-88aa-1daf8acfa333",
        "type": "p",
        "children": [
          {
            "text": "\n"
          }
        ]
      },
      {
        "id": "427548ce-4e36-4d43-af7e-acf961591498",
        "type": "p",
        "align": "justify",
        "children": [
          {
            "text": "Equilibration, rinse, regeneration and sanitisation can go to Outlet Waste. Transfer any unused lines into waste container."
          }
        ]
      },
      {
        "id": "4d7aea0b-2e21-4cfe-bcaf-1eb4c0eba111",
        "type": "p",
        "children": [
          {
            "text": "\n"
          }
        ]
      }
    ]
  },
  "tableView": {
    "properties": []
  }
}