{
  "schemaVersion": "1.0.0",
  "id": "b4b90f82-005c-4e34-9e15-620a94862e18",
  "title": "Protein A Chromatography method",
  "status": "DRAFT",
  "version": null,
  "previousVersion": null,
  "assignees": [],
  "tags": [],
  "duplicatedFromEntity": null,
  "metadata": {
    "index": "0",
    "createdAt": "1970-01-01T00:00:00.000Z",
    "lastUpdatedAt": "1970-01-01T00:00:00.000Z",
    "createdByRoleId": "44444444-4444-4444-4444-444444444444",
    "lastUpdatedByRoleId": "44444444-4444-4444-4444-444444444444",
    "editors": []
  },
  "reviewConfig": null,
  "collections": null,
  "type": "STEP",
  "description": "Column dimensions – assuming 1.0 cm at 20.0 ± 1.0 cm bed height.",
  "recordReviewConfig": null,
  "recordCollections": null,
  "subType": "DATA",
  "recordConfig": {
    "allowMultiple": false,
    "fields": {},
    "pageContent": [
      {
        "id": "ed1b1428-df33-4bc7-b399-09aebac991d0",
        "type": "p",
        "children": [
          {
            "text": ""
          }
        ]
      },
      {
        "id": "16bd6f52-52cf-46c4-99de-109ef9c5944e",
        "type": "table",
        "children": [
          {
            "id": "62f4cc23-d8f7-4d0b-afef-5ddc70eb836e",
            "type": "tr",
            "children": [
              {
                "id": "caf90ead-0253-4459-86b5-7d72aea6720e",
                "type": "td",
                "children": [
                  {
                    "id": "6d44b544-f3ee-4914-8d2f-5ce71a6960bf",
                    "type": "p",
                    "align": "center",
                    "children": [
                      {
                        "bold": true,
                        "text": "Step"
                      }
                    ]
                  }
                ]
              },
              {
                "id": "c9a272b2-d62e-4dab-bee7-0b7d1dd5ddd2",
                "type": "td",
                "children": [
                  {
                    "id": "a671dd9b-0208-4500-a3b1-4014ab21e71b",
                    "type": "p",
                    "align": "center",
                    "children": [
                      {
                        "bold": true,
                        "text": "Buffer "
                      }
                    ]
                  }
                ]
              },
              {
                "id": "0b426e2d-222d-45c4-ba02-26cdb1817ba9",
                "type": "td",
                "children": [
                  {
                    "id": "8165ca11-2359-4371-97f3-1050c5950cb1",
                    "type": "p",
                    "align": "center",
                    "children": [
                      {
                        "bold": true,
                        "text": "Volume (CV)"
                      }
                    ]
                  }
                ]
              },
              {
                "id": "2cd92267-8bd8-4eb4-931d-20847629051c",
                "type": "td",
                "children": [
                  {
                    "id": "63f50dbc-cecb-4b5d-bacc-90c730ab9a9a",
                    "type": "p",
                    "align": "center",
                    "children": [
                      {
                        "bold": true,
                        "text": "Linear Flow (cm/hr)"
                      }
                    ]
                  }
                ]
              },
              {
                "id": "65dc1d50-33a9-41d2-978e-845b61005e8b",
                "type": "td",
                "children": [
                  {
                    "id": "45defa5b-bde2-4e10-85d0-9defbda9976c",
                    "type": "p",
                    "align": "center",
                    "children": [
                      {
                        "bold": true,
                        "text": "Volumetric Flow Rate (mL/min)"
                      }
                    ]
                  }
                ]
              },
              {
                "id": "599d2cef-641d-4eea-aa75-52ac50f17baa",
                "type": "td",
                "children": [
                  {
                    "id": "c6444085-d3ca-427b-9068-d8e2621cc516",
                    "type": "p",
                    "align": "center",
                    "children": [
                      {
                        "bold": true,
                        "text": "Comments / In process samples"
                      }
                    ]
                  }
                ]
              }
            ]
          },
          {
            "id": "7a2832f2-231c-43fd-80c7-1dfdae93c731",
            "type": "tr",
            "children": [
              {
                "id": "bd81ca04-1367-4aaf-ac54-f92cc0350150",
                "type": "td",
                "children": [
                  {
                    "id": "c41d8632-6b06-4ed3-a789-8d6e55b976db",
                    "type": "p",
                    "align": "center",
                    "children": [
                      {
                        "text": "Rinse"
                      }
                    ]
                  }
                ]
              },
              {
                "id": "9137d446-38d7-4d69-b90b-a678b7e5f8f1",
                "type": "td",
                "children": [
                  {
                    "id": "80383b27-1ef9-4a01-9390-e5c7c541a561",
                    "type": "p",
                    "align": "center",
                    "children": [
                      {
                        "text": "Purified Water"
                      }
                    ]
                  }
                ]
              },
              {
                "id": "0c0afcb4-0f36-423b-89a7-a3eda31e9ad7",
                "type": "td",
                "children": [
                  {
                    "id": "30eaa234-fe76-4186-a5a0-c86792bde153",
                    "type": "p",
                    "align": "center",
                    "children": [
                      {
                        "text": "2"
                      }
                    ]
                  }
                ]
              },
              {
                "id": "32d7877f-fb5b-47f0-bdb0-3f5b1b779483",
                "type": "td",
                "children": [
                  {
                    "id": "a69cd06b-d51c-49c4-8bcf-eee8b78b72ab",
                    "type": "p",
                    "align": "center",
                    "children": [
                      {
                        "text": "160"
                      }
                    ]
                  }
                ]
              },
              {
                "id": "ce2f1337-9c36-47ae-92e2-4344dd4c2949",
                "type": "td",
                "children": [
                  {
                    "id": "7ed2b01a-d0c3-4253-bbed-dc7f48bce29d",
                    "type": "p",
                    "align": "center",
                    "children": [
                      {
                        "text": "2.09"
                      }
                    ]
                  }
                ]
              },
              {
                "id": "51b52d73-b348-4ad1-bd32-d982693d1423",
                "type": "td",
                "children": [
                  {
                    "id": "515cd73e-5af4-4f93-b836-8bb34138df6d",
                    "type": "p",
                    "children": [
                      {
                        "text": "\n"
                      }
                    ]
                  }
                ]
              }
            ]
          },
          {
            "id": "b4a65231-408d-4cce-933b-c4bcd564d8e8",
            "type": "tr",
            "children": [
              {
                "id": "451ba27c-f49b-44d0-9cd3-8bfdf71a9055",
                "type": "td",
                "children": [
                  {
                    "id": "83b9ab21-260b-4ec3-8ca5-e7ced39f0fb6",
                    "type": "p",
                    "align": "center",
                    "children": [
                      {
                        "text": "Sanitisation"
                      }
                    ]
                  }
                ]
              },
              {
                "id": "76b178e2-d699-4282-94ed-0e11d1e9ae05",
                "type": "td",
                "children": [
                  {
                    "id": "beaf3542-d44b-4d4c-b61b-43a3390e1520",
                    "type": "p",
                    "align": "center",
                    "children": [
                      {
                        "text": "0.5 M Sodium Hydroxide"
                      }
                    ]
                  }
                ]
              },
              {
                "id": "72c434ed-87ca-4ff2-9598-b8d1967d8e82",
                "type": "td",
                "children": [
                  {
                    "id": "80c769ac-c84f-4d01-974d-8c2c86a7c542",
                    "type": "p",
                    "align": "center",
                    "children": [
                      {
                        "text": "3"
                      }
                    ]
                  }
                ]
              },
              {
                "id": "8f14334d-0b0f-45ab-a94d-e16dcf9fbe2e",
                "type": "td",
                "children": [
                  {
                    "id": "13bf6195-e6d5-4ce1-bbe9-ac2ecfdf0ed9",
                    "type": "p",
                    "align": "center",
                    "children": [
                      {
                        "text": "240"
                      }
                    ]
                  }
                ]
              },
              {
                "id": "7421efdc-b526-4111-a82a-30a823a01483",
                "type": "td",
                "children": [
                  {
                    "id": "e8097cc9-f0cc-4b8d-add3-caeb3b27316c",
                    "type": "p",
                    "align": "center",
                    "children": [
                      {
                        "text": "3.14"
                      }
                    ]
                  }
                ]
              },
              {
                "id": "182298e0-072a-41f4-9766-57e5061e52ba",
                "type": "td",
                "children": [
                  {
                    "id": "5bc4706a-03ad-4d92-8a85-d3fac90bbcc2",
                    "type": "p",
                    "align": "center",
                    "children": [
                      {
                        "text": "15 minutes contact time under flow (no hold)"
                      }
                    ]
                  }
                ]
              }
            ]
          },
          {
            "id": "95cf3070-76b8-4179-8ac7-e5e32ca3387c",
            "type": "tr",
            "children": [
              {
                "id": "d9d30e62-3584-45ce-8fba-9c3beb9bcae4",
                "type": "td",
                "children": [
                  {
                    "id": "e6787a9a-7f10-4c7b-bf21-7e8058579ca4",
                    "type": "p",
                    "align": "center",
                    "children": [
                      {
                        "text": "Rinse"
                      }
                    ]
                  }
                ]
              },
              {
                "id": "1c2e1554-7f45-4b2a-8b40-7138730e216b",
                "type": "td",
                "children": [
                  {
                    "id": "b70ae104-96e2-40ae-a87a-fe0705d9211e",
                    "type": "p",
                    "align": "center",
                    "children": [
                      {
                        "text": "Purified Water"
                      }
                    ]
                  }
                ]
              },
              {
                "id": "a9f05529-4597-430c-b37e-0bbb04b55b59",
                "type": "td",
                "children": [
                  {
                    "id": "77ec6800-efda-45d2-9394-d9ac6b6e5de0",
                    "type": "p",
                    "align": "center",
                    "children": [
                      {
                        "text": "2"
                      }
                    ]
                  }
                ]
              },
              {
                "id": "c5c95590-e88f-4468-9fd8-6783a8bec85b",
                "type": "td",
                "children": [
                  {
                    "id": "4db89573-3782-4347-8940-0c3bd2533296",
                    "type": "p",
                    "align": "center",
                    "children": [
                      {
                        "text": "300"
                      }
                    ]
                  }
                ]
              },
              {
                "id": "13be984f-ef5b-4656-92a3-d3f7e2ec7f5f",
                "type": "td",
                "children": [
                  {
                    "id": "0f178af5-01f5-4df9-af29-91ed0fc6fb48",
                    "type": "p",
                    "align": "center",
                    "children": [
                      {
                        "text": "3.93"
                      }
                    ]
                  }
                ]
              },
              {
                "id": "2805f40a-fd70-404c-a385-70b17f3aa737",
                "type": "td",
                "children": [
                  {
                    "id": "b436eb9d-916b-45cf-b024-a064b267929b",
                    "type": "p",
                    "children": [
                      {
                        "text": "\n"
                      }
                    ]
                  }
                ]
              }
            ]
          },
          {
            "id": "a6cedb12-c20a-4f5e-92bd-b630152693a1",
            "type": "tr",
            "children": [
              {
                "id": "5ed98527-47d5-4825-9436-5b8abe695d10",
                "type": "td",
                "children": [
                  {
                    "id": "e5c64c71-3d5e-4872-bbf6-6bc89a87c97c",
                    "type": "p",
                    "align": "center",
                    "children": [
                      {
                        "text": "Neutralisation & Equilibration"
                      }
                    ]
                  }
                ]
              },
              {
                "id": "8605f3fc-17cd-4f9f-97d7-9d8ffbd4b5ee",
                "type": "td",
                "children": [
                  {
                    "id": "94618015-fdc5-476e-8039-1bde21c4f3c3",
                    "type": "p",
                    "align": "center",
                    "children": [
                      {
                        "text": "20 mM Sodium Phosphate, 150 mM Sodium Chloride, pH 7.4"
                      },
                      {
                        "bold": true,
                        "text": " "
                      }
                    ]
                  }
                ]
              },
              {
                "id": "9aed8e89-33e4-4bed-8e88-7159306423c2",
                "type": "td",
                "children": [
                  {
                    "id": "cefc92dc-2614-4ffc-9db5-e3a5a476f9e8",
                    "type": "p",
                    "align": "center",
                    "children": [
                      {
                        "text": "6"
                      }
                    ]
                  }
                ]
              },
              {
                "id": "81a376e4-6beb-42db-9076-4fe94457233c",
                "type": "td",
                "children": [
                  {
                    "id": "f6fae6f1-4183-4ed3-800f-22f96415b781",
                    "type": "p",
                    "align": "center",
                    "children": [
                      {
                        "text": "300"
                      }
                    ]
                  }
                ]
              },
              {
                "id": "0b41597b-b32f-4848-a6c5-f6fed89ca2ac",
                "type": "td",
                "children": [
                  {
                    "id": "59c15db6-4cbc-4800-ac4f-6b8c53f3b4fa",
                    "type": "p",
                    "align": "center",
                    "children": [
                      {
                        "text": "3.93"
                      }
                    ]
                  }
                ]
              },
              {
                "id": "119fd24d-6e3e-4ae0-82e0-8b75ba137749",
                "type": "td",
                "children": [
                  {
                    "id": "0363f73b-0a5a-492f-bbb9-0483e3b31c31",
                    "type": "p",
                    "children": [
                      {
                        "text": "\n"
                      }
                    ]
                  }
                ]
              }
            ]
          },
          {
            "id": "76295a76-cd75-4857-aead-47a56f297165",
            "type": "tr",
            "children": [
              {
                "id": "9b02c3eb-08ca-48bd-82f4-fb37e06f7178",
                "type": "td",
                "children": [
                  {
                    "id": "4de3348e-b88d-4b90-a6b0-a48181b81087",
                    "type": "p",
                    "align": "center",
                    "children": [
                      {
                        "text": "Load"
                      }
                    ]
                  }
                ]
              },
              {
                "id": "e6468b83-f58e-45c8-b845-7fe745e95d0a",
                "type": "td",
                "children": [
                  {
                    "id": "e9b41209-d0c8-4457-936e-913c5604fbb7",
                    "type": "p",
                    "align": "center",
                    "children": [
                      {
                        "text": "Clarified Harvest (up to 45 g protein/L resin)"
                      }
                    ]
                  }
                ]
              },
              {
                "id": "03951fae-e778-4ba1-b178-b4ecaaa2974f",
                "type": "td",
                "children": [
                  {
                    "id": "19162dbb-9af6-4afc-bb4a-f1dc6433519e",
                    "type": "p",
                    "align": "center",
                    "children": [
                      {
                        "text": "220.8 mL"
                      }
                    ]
                  }
                ]
              },
              {
                "id": "6aba4b2a-6e21-485c-81df-608d82962f98",
                "type": "td",
                "children": [
                  {
                    "id": "0f32f998-c229-45b2-9504-407d10489694",
                    "type": "p",
                    "align": "center",
                    "children": [
                      {
                        "text": "200"
                      }
                    ]
                  }
                ]
              },
              {
                "id": "759c4ec2-23af-4d97-a509-311e09024087",
                "type": "td",
                "children": [
                  {
                    "id": "e5c1bffe-8ee2-4d89-bad3-81ee2a1cedf8",
                    "type": "p",
                    "align": "center",
                    "children": [
                      {
                        "text": "2.62"
                      }
                    ]
                  }
                ]
              },
              {
                "id": "ed2fbdda-cfa5-4904-a9a1-390383837e0f",
                "type": "td",
                "children": [
                  {
                    "id": "ff394e06-ac7e-40f5-8dd7-6409b8a038d8",
                    "type": "p",
                    "align": "center",
                    "children": [
                      {
                        "text": "Load conc "
                      }
                    ]
                  },
                  {
                    "id": "ad7b6e07-2cd2-46d1-b012-0ecdaf8ecbfc",
                    "type": "p",
                    "align": "center",
                    "children": [
                      {
                        "text": "3.2 mg/mL"
                      }
                    ]
                  }
                ]
              }
            ]
          },
          {
            "id": "cea235b6-88d6-4a48-95ed-00eda84c0ccb",
            "type": "tr",
            "children": [
              {
                "id": "55a11ebc-3202-4578-bdd9-aa04201872c3",
                "type": "td",
                "children": [
                  {
                    "id": "a8a82934-0822-4fd4-a401-074772c7994a",
                    "type": "p",
                    "align": "center",
                    "children": [
                      {
                        "text": "Wash 1"
                      }
                    ]
                  }
                ]
              },
              {
                "id": "55404a80-7fd7-4a9f-a2a2-adf158b4a3ee",
                "type": "td",
                "children": [
                  {
                    "id": "6566b107-e068-427b-b396-c91c02a3f11e",
                    "type": "p",
                    "align": "center",
                    "children": [
                      {
                        "text": "20 mM Sodium Phosphate, 500 mM Sodium Chloride, pH 7.4"
                      }
                    ]
                  }
                ]
              },
              {
                "id": "21132386-b9d3-4c8a-abeb-00f99153acf7",
                "type": "td",
                "children": [
                  {
                    "id": "9d233b67-6340-4dba-9036-bafcbf10a829",
                    "type": "p",
                    "align": "center",
                    "children": [
                      {
                        "text": "1.5"
                      }
                    ]
                  }
                ]
              },
              {
                "id": "4977ec5e-da4c-458e-ab23-72b1841ef501",
                "type": "td",
                "children": [
                  {
                    "id": "3cec17bd-ebbb-4b6e-be42-c1c8a283ee7b",
                    "type": "p",
                    "align": "center",
                    "children": [
                      {
                        "text": "200"
                      }
                    ]
                  }
                ]
              },
              {
                "id": "b57ddcc0-b25e-4b78-8c69-00ab698711a0",
                "type": "td",
                "children": [
                  {
                    "id": "e7d5453f-2b4b-426c-8a7f-e1a56cc676fc",
                    "type": "p",
                    "align": "center",
                    "children": [
                      {
                        "text": "2.62"
                      }
                    ]
                  }
                ]
              },
              {
                "id": "506e246b-8434-4fa0-bc96-2642a1a75be4",
                "type": "td",
                "children": [
                  {
                    "id": "0207d196-94d9-462b-89da-fce3ac6a696c",
                    "type": "p",
                    "children": [
                      {
                        "text": "\n"
                      }
                    ]
                  }
                ]
              }
            ]
          },
          {
            "id": "d98c85ff-5091-44e5-a09d-86faa0c5516d",
            "type": "tr",
            "children": [
              {
                "id": "c2e25910-b78d-404f-8adf-cff1c870e217",
                "type": "td",
                "children": [
                  {
                    "id": "27797968-5fc0-4303-84cc-0466654c79fc",
                    "type": "p",
                    "align": "center",
                    "children": [
                      {
                        "text": "Wash 1"
                      }
                    ]
                  }
                ]
              },
              {
                "id": "3bd4796e-878e-42f3-a2bc-40beabc48a8a",
                "type": "td",
                "children": [
                  {
                    "id": "bd43c03f-095c-4b04-b812-ae202b7c41db",
                    "type": "p",
                    "align": "center",
                    "children": [
                      {
                        "text": "20 mM Sodium Phosphate, 500 mM Sodium Chloride, pH 7.4"
                      }
                    ]
                  }
                ]
              },
              {
                "id": "0a139ce1-386d-4cb9-a737-cecdeaf64065",
                "type": "td",
                "children": [
                  {
                    "id": "27019c81-01d4-469b-9fdd-0912bada9d27",
                    "type": "p",
                    "align": "center",
                    "children": [
                      {
                        "text": "3.5"
                      }
                    ]
                  }
                ]
              },
              {
                "id": "3aff27c2-697e-4c2b-bc7a-893fc578f0eb",
                "type": "td",
                "children": [
                  {
                    "id": "568fb06f-a2dc-49dd-acf5-8414cd57a080",
                    "type": "p",
                    "align": "center",
                    "children": [
                      {
                        "text": "300"
                      }
                    ]
                  }
                ]
              },
              {
                "id": "ecb24307-a82f-415e-9098-a424a3bd4da5",
                "type": "td",
                "children": [
                  {
                    "id": "3f231d79-894d-4017-8769-7cbfc97ba715",
                    "type": "p",
                    "align": "center",
                    "children": [
                      {
                        "text": "3.93"
                      }
                    ]
                  }
                ]
              },
              {
                "id": "33692b00-6384-43bc-84e1-cfcce4a22ee3",
                "type": "td",
                "children": [
                  {
                    "id": "46bb171e-c7f0-4620-b176-db209c056664",
                    "type": "p",
                    "children": [
                      {
                        "text": "\n"
                      }
                    ]
                  }
                ]
              }
            ]
          },
          {
            "id": "a459f7d1-6546-441b-afe0-6efd134b52e4",
            "type": "tr",
            "children": [
              {
                "id": "621deaae-dba2-49eb-86e5-9f27bcea71af",
                "type": "td",
                "children": [
                  {
                    "id": "8bd43c0c-963a-421d-b3e9-ffac4096f1dc",
                    "type": "p",
                    "align": "center",
                    "children": [
                      {
                        "text": "Wash 2"
                      }
                    ]
                  }
                ]
              },
              {
                "id": "b6393551-21e3-460a-8e30-301fab78f680",
                "type": "td",
                "children": [
                  {
                    "id": "58b0aecc-99e9-416d-8024-b36311a9cac3",
                    "type": "p",
                    "align": "center",
                    "children": [
                      {
                        "text": "250 mM L-Arginine, 500 mM Sodium Chloride, pH 8.0"
                      }
                    ]
                  }
                ]
              },
              {
                "id": "6ab40265-93be-4b4f-b2f3-4cd31719d72a",
                "type": "td",
                "children": [
                  {
                    "id": "ef15a10a-8a60-40e4-9adc-99aba605ecac",
                    "type": "p",
                    "align": "center",
                    "children": [
                      {
                        "text": "3"
                      }
                    ]
                  }
                ]
              },
              {
                "id": "63a32f7c-16cf-42f2-95fe-4818a37770d0",
                "type": "td",
                "children": [
                  {
                    "id": "19ce616b-f0b1-4a72-96f2-c9a5e19053cf",
                    "type": "p",
                    "align": "center",
                    "children": [
                      {
                        "text": "300"
                      }
                    ]
                  }
                ]
              },
              {
                "id": "5f3b5982-e196-488c-ad71-387cdff037b7",
                "type": "td",
                "children": [
                  {
                    "id": "10b8be11-47ce-44b6-8b18-f88919096367",
                    "type": "p",
                    "align": "center",
                    "children": [
                      {
                        "text": "3.93"
                      }
                    ]
                  }
                ]
              },
              {
                "id": "29ac6e8a-0aa2-4ace-8210-ee119009ce0d",
                "type": "td",
                "children": [
                  {
                    "id": "256d650b-c650-4c43-9cb9-847a794b40db",
                    "type": "p",
                    "children": [
                      {
                        "text": "\n"
                      }
                    ]
                  }
                ]
              }
            ]
          },
          {
            "id": "3624193a-e843-42e4-973b-593ff4686f8f",
            "type": "tr",
            "children": [
              {
                "id": "4456d8b3-49bb-4915-a96b-6ee49b99f8e1",
                "type": "td",
                "children": [
                  {
                    "id": "d3513bb8-ebb7-4ba3-b665-02ca57e01bf9",
                    "type": "p",
                    "align": "center",
                    "children": [
                      {
                        "text": "Wash 3"
                      }
                    ]
                  }
                ]
              },
              {
                "id": "ba0798cb-3055-4c4e-9f5a-34d6a731b1b6",
                "type": "td",
                "children": [
                  {
                    "id": "008de6f8-95fc-4619-b9d4-7c0d0a11ce3d",
                    "type": "p",
                    "align": "center",
                    "children": [
                      {
                        "text": "50mM Sodium Phosphate, pH6.0"
                      }
                    ]
                  }
                ]
              },
              {
                "id": "46473dbf-2d73-4863-9f7c-1ed28083335b",
                "type": "td",
                "children": [
                  {
                    "id": "cebc0f0a-3ad9-4cbc-8791-cc5272a56152",
                    "type": "p",
                    "align": "center",
                    "children": [
                      {
                        "text": "3"
                      }
                    ]
                  }
                ]
              },
              {
                "id": "de03995a-d72c-4799-949e-1fe64dc6513e",
                "type": "td",
                "children": [
                  {
                    "id": "9db8514e-e70d-4136-946d-2129aa337db1",
                    "type": "p",
                    "align": "center",
                    "children": [
                      {
                        "text": "300"
                      }
                    ]
                  }
                ]
              },
              {
                "id": "5a6306af-b11b-4306-a323-f80685da5d3c",
                "type": "td",
                "children": [
                  {
                    "id": "51caccc6-2b93-430e-b1f6-73380219e10f",
                    "type": "p",
                    "align": "center",
                    "children": [
                      {
                        "text": "3.93"
                      }
                    ]
                  }
                ]
              },
              {
                "id": "31f77983-689c-4b35-a5be-dac209fe680d",
                "type": "td",
                "children": [
                  {
                    "id": "eb310c60-9d15-432e-afc4-8752349f7f75",
                    "type": "p",
                    "children": [
                      {
                        "text": "\n"
                      }
                    ]
                  }
                ]
              }
            ]
          },
          {
            "id": "347ed51e-176b-4f2e-b3bd-170649676287",
            "type": "tr",
            "children": [
              {
                "id": "80566590-adf4-4a5b-ae79-843b74a59ce6",
                "type": "td",
                "children": [
                  {
                    "id": "1c73b211-8f13-4d9f-871c-56efd42806e1",
                    "type": "p",
                    "align": "center",
                    "children": [
                      {
                        "text": "Elution"
                      }
                    ]
                  }
                ]
              },
              {
                "id": "cadc6c27-5eb0-4924-97ea-56be8b6def4e",
                "type": "td",
                "children": [
                  {
                    "id": "50eed67f-c664-483a-b56f-7c7f54cba4a6",
                    "type": "p",
                    "align": "center",
                    "children": [
                      {
                        "text": "50 mM Sodium Acetate, pH 3.5"
                      }
                    ]
                  }
                ]
              },
              {
                "id": "6323ac86-e344-47fe-b6c6-25bad53a4d50",
                "type": "td",
                "children": [
                  {
                    "id": "65ad512b-b202-4f05-b99f-63f50898ea18",
                    "type": "p",
                    "align": "center",
                    "children": [
                      {
                        "text": "6"
                      }
                    ]
                  }
                ]
              },
              {
                "id": "2c187dc8-bf57-4689-b313-f4c0b16b13a9",
                "type": "td",
                "children": [
                  {
                    "id": "e1f25778-a999-49f6-a8c0-46f2c285c684",
                    "type": "p",
                    "align": "center",
                    "children": [
                      {
                        "text": "300"
                      }
                    ]
                  }
                ]
              },
              {
                "id": "b55c8676-487f-4ab9-bf1b-aa598d0b0b40",
                "type": "td",
                "children": [
                  {
                    "id": "1e97e8fc-60da-457b-b0d1-f0fbf72f9c9f",
                    "type": "p",
                    "align": "center",
                    "children": [
                      {
                        "text": "3.93"
                      }
                    ]
                  }
                ]
              },
              {
                "id": "1b5bc659-3b27-4c8f-bd7c-459da5c7d006",
                "type": "td",
                "children": [
                  {
                    "id": "87028ab8-e211-49d8-975c-2d0d77832858",
                    "type": "p",
                    "align": "center",
                    "children": [
                      {
                        "text": " Collection start at 20 mAU stop at 20 mAU (2 mm flow path)"
                      }
                    ]
                  }
                ]
              }
            ]
          },
          {
            "id": "5e2197b0-54a9-4714-813d-e6492f762d56",
            "type": "tr",
            "children": [
              {
                "id": "21a1652a-ae65-420f-bcba-d0d318ccedff",
                "type": "td",
                "children": [
                  {
                    "id": "4d0794f4-4e7b-43ba-824c-84351de8256c",
                    "type": "p",
                    "align": "center",
                    "children": [
                      {
                        "text": "Strip"
                      }
                    ]
                  }
                ]
              },
              {
                "id": "e9c7acdb-9b7d-4f0d-9f32-c9061d0ee9f2",
                "type": "td",
                "children": [
                  {
                    "id": "fdb0406b-0e52-48c8-8629-645d8d6aaba8",
                    "type": "p",
                    "align": "center",
                    "children": [
                      {
                        "text": "100 mM Acetic Acid"
                      }
                    ]
                  }
                ]
              },
              {
                "id": "83b4428a-6774-4362-aab2-fb872618df6b",
                "type": "td",
                "children": [
                  {
                    "id": "b20bb340-56ce-4ee2-bf09-7fe7c8b97462",
                    "type": "p",
                    "align": "center",
                    "children": [
                      {
                        "text": "2"
                      }
                    ]
                  }
                ]
              },
              {
                "id": "caa7cb9d-841b-4e2a-bcbe-fb6befa3a147",
                "type": "td",
                "children": [
                  {
                    "id": "fe831ac8-62dc-4d57-acbc-605373a42b0e",
                    "type": "p",
                    "align": "center",
                    "children": [
                      {
                        "text": "300"
                      }
                    ]
                  }
                ]
              },
              {
                "id": "fddef815-ea18-43e6-b7dd-7b1698fee621",
                "type": "td",
                "children": [
                  {
                    "id": "0253e4e3-55a8-4259-abd5-b955d41eef72",
                    "type": "p",
                    "align": "center",
                    "children": [
                      {
                        "text": "3.93"
                      }
                    ]
                  }
                ]
              },
              {
                "id": "276c0a3e-2329-4253-ab59-7fa6c21cd1f9",
                "type": "td",
                "children": [
                  {
                    "id": "57495209-096e-4c29-843a-e7bfafcc3371",
                    "type": "p",
                    "children": [
                      {
                        "text": "\n"
                      }
                    ]
                  }
                ]
              }
            ]
          },
          {
            "id": "bfdf13e0-343b-4d5c-886f-88ca627b0c13",
            "type": "tr",
            "children": [
              {
                "id": "5176f542-a654-40db-a7e5-bc02bc76e6c1",
                "type": "td",
                "children": [
                  {
                    "id": "b9dd56a0-dde5-4b60-99de-252e9912d961",
                    "type": "p",
                    "align": "center",
                    "children": [
                      {
                        "text": "Rinse"
                      }
                    ]
                  }
                ]
              },
              {
                "id": "aa880e0f-79d3-47a9-83f8-7f0fe2d8bdea",
                "type": "td",
                "children": [
                  {
                    "id": "cb7e9647-28a6-40d9-b21b-6720b2b5e535",
                    "type": "p",
                    "align": "center",
                    "children": [
                      {
                        "text": "Purified Water"
                      }
                    ]
                  }
                ]
              },
              {
                "id": "7f455c4f-a91f-400d-b9bd-ec6bf0643e5e",
                "type": "td",
                "children": [
                  {
                    "id": "4f2db886-ab35-4819-b9b8-b9526e9898c1",
                    "type": "p",
                    "align": "center",
                    "children": [
                      {
                        "text": "2"
                      }
                    ]
                  }
                ]
              },
              {
                "id": "6534c71a-5f13-467d-ab2e-e03ee633aad1",
                "type": "td",
                "children": [
                  {
                    "id": "cf8e2d3f-ad73-4792-b763-927bc4bd83fb",
                    "type": "p",
                    "align": "center",
                    "children": [
                      {
                        "text": "300"
                      }
                    ]
                  }
                ]
              },
              {
                "id": "048b9b43-4721-4866-89c4-da38037553e2",
                "type": "td",
                "children": [
                  {
                    "id": "46d14078-636a-4fbc-9a87-2254be7633b0",
                    "type": "p",
                    "align": "center",
                    "children": [
                      {
                        "text": "3.93"
                      }
                    ]
                  }
                ]
              },
              {
                "id": "c5344993-b0f1-46bc-b44c-c535e5a78308",
                "type": "td",
                "children": [
                  {
                    "id": "dab3e3d2-ff0f-4bf6-a0bd-8a57114b98a1",
                    "type": "p",
                    "children": [
                      {
                        "text": "\n"
                      }
                    ]
                  }
                ]
              }
            ]
          },
          {
            "id": "1b12078f-dacd-4fa7-a4d7-65533074945c",
            "type": "tr",
            "children": [
              {
                "id": "b96a3257-cbf7-4b22-bc34-1e5fd61693b5",
                "type": "td",
                "children": [
                  {
                    "id": "f6397052-84c5-4093-8d5d-6170e663ce92",
                    "type": "p",
                    "align": "center",
                    "children": [
                      {
                        "text": "Sanitisation"
                      }
                    ]
                  }
                ]
              },
              {
                "id": "1d312295-4d85-47d9-8247-a14c979554b5",
                "type": "td",
                "children": [
                  {
                    "id": "5ba0bc0d-80e6-43f6-a538-445a8fe01eb5",
                    "type": "p",
                    "align": "center",
                    "children": [
                      {
                        "text": "0.5 M Sodium Hydroxide"
                      }
                    ]
                  }
                ]
              },
              {
                "id": "937d4f67-04d9-4702-8989-d1050e20ff5d",
                "type": "td",
                "children": [
                  {
                    "id": "da5d09fe-99bb-4302-91c5-2305d3034301",
                    "type": "p",
                    "align": "center",
                    "children": [
                      {
                        "text": "3"
                      }
                    ]
                  }
                ]
              },
              {
                "id": "677090fa-cc36-4da3-b970-413a2ba4b43c",
                "type": "td",
                "children": [
                  {
                    "id": "581a65a0-4346-4063-9d8b-22216577fe89",
                    "type": "p",
                    "align": "center",
                    "children": [
                      {
                        "text": "240"
                      }
                    ]
                  }
                ]
              },
              {
                "id": "4ec58953-3b30-44c6-97e3-30c05b165c2b",
                "type": "td",
                "children": [
                  {
                    "id": "2a0ffeb6-e8af-4e95-8f6f-2c901d1163c2",
                    "type": "p",
                    "align": "center",
                    "children": [
                      {
                        "text": "3.14"
                      }
                    ]
                  }
                ]
              },
              {
                "id": "af09c578-c4f6-4458-8a39-e0624c900eac",
                "type": "td",
                "children": [
                  {
                    "id": "8529f0bc-b27d-4002-9b4c-4453a15bd4d6",
                    "type": "p",
                    "align": "center",
                    "children": [
                      {
                        "text": "15 minutes contact time under flow (no hold)"
                      }
                    ]
                  }
                ]
              }
            ]
          },
          {
            "id": "428f8468-e53f-4280-bbb1-1d6fece99e2c",
            "type": "tr",
            "children": [
              {
                "id": "ff30ff72-9719-4e15-bb69-7423a15f329b",
                "type": "td",
                "children": [
                  {
                    "id": "4514d5cc-d04a-4bee-a6ff-e26605f31027",
                    "type": "p",
                    "align": "center",
                    "children": [
                      {
                        "text": "Regeneration"
                      }
                    ]
                  }
                ]
              },
              {
                "id": "6c95922f-64c1-4291-b655-8fa239ee7e9a",
                "type": "td",
                "children": [
                  {
                    "id": "6b9af0be-71a3-4028-bd9c-aafaf021fa34",
                    "type": "p",
                    "align": "center",
                    "children": [
                      {
                        "text": "20 mM Sodium Phosphate, 150 mM Sodium Chloride, pH 7.4"
                      }
                    ]
                  }
                ]
              },
              {
                "id": "b79edd17-4ee9-47bd-9ab1-beb796594651",
                "type": "td",
                "children": [
                  {
                    "id": "db619fa0-ed6e-42cd-930b-d249a5d035ab",
                    "type": "p",
                    "align": "center",
                    "children": [
                      {
                        "text": "4"
                      }
                    ]
                  }
                ]
              },
              {
                "id": "039c6450-73eb-47e1-b6c4-4e2388e37ad8",
                "type": "td",
                "children": [
                  {
                    "id": "6d7a36fd-9857-4772-982b-99e4fbf9db1b",
                    "type": "p",
                    "align": "center",
                    "children": [
                      {
                        "text": "300"
                      }
                    ]
                  }
                ]
              },
              {
                "id": "dd2ee975-bb3c-4c21-af34-278610865d3e",
                "type": "td",
                "children": [
                  {
                    "id": "af9d358a-6053-4160-b545-3019a4090e90",
                    "type": "p",
                    "align": "center",
                    "children": [
                      {
                        "text": "3.93"
                      }
                    ]
                  }
                ]
              },
              {
                "id": "dd57b606-745f-4042-a492-cc04c09f212d",
                "type": "td",
                "children": [
                  {
                    "id": "b79286b5-3b09-46df-bbe0-b524d2b927ec",
                    "type": "p",
                    "children": [
                      {
                        "text": "\n"
                      }
                    ]
                  }
                ]
              }
            ]
          },
          {
            "id": "3a779469-db4c-434e-8de1-ea090b96fdb4",
            "type": "tr",
            "children": [
              {
                "id": "96294dc8-149b-4ef9-ac29-0431921626c3",
                "type": "td",
                "children": [
                  {
                    "id": "9644bbde-836d-4a77-9167-9b08c5a62748",
                    "type": "p",
                    "align": "center",
                    "children": [
                      {
                        "text": "Storage"
                      }
                    ]
                  }
                ]
              },
              {
                "id": "8e762cff-809a-4606-88ff-fc9249a5fdc4",
                "type": "td",
                "children": [
                  {
                    "id": "3153d8eb-c70c-4c50-8230-49b082dd7b19",
                    "type": "p",
                    "align": "center",
                    "children": [
                      {
                        "text": "20% Ethanol"
                      }
                    ]
                  }
                ]
              },
              {
                "id": "feea0fee-340b-48b6-9a7c-470bbbf1a85c",
                "type": "td",
                "children": [
                  {
                    "id": "dbbbd77a-34da-4fe9-9398-5224214316eb",
                    "type": "p",
                    "align": "center",
                    "children": [
                      {
                        "text": "4"
                      }
                    ]
                  }
                ]
              },
              {
                "id": "de5b97bf-82e3-44df-833c-e9c199c45a43",
                "type": "td",
                "children": [
                  {
                    "id": "af3ee17b-69f4-434b-a363-20e83db17578",
                    "type": "p",
                    "align": "center",
                    "children": [
                      {
                        "text": "160"
                      }
                    ]
                  }
                ]
              },
              {
                "id": "0999f005-afef-4aed-837f-52b461b1b963",
                "type": "td",
                "children": [
                  {
                    "id": "bc2a9954-74dd-40d5-b457-6c164db131a4",
                    "type": "p",
                    "align": "center",
                    "children": [
                      {
                        "text": "2.09"
                      }
                    ]
                  }
                ]
              },
              {
                "id": "25d9c8ff-f851-4e92-bac5-f2325d1d48bb",
                "type": "td",
                "children": [
                  {
                    "id": "c57d3606-a9b7-4d2c-9c09-0bc4c80d33fe",
                    "type": "p",
                    "children": [
                      {
                        "text": "\n"
                      }
                    ]
                  }
                ]
              }
            ]
          }
        ]
      }
    ]
  },
  "tableView": {
    "properties": []
  }
}