{
  "schemaVersion": "1.0.0",
  "id": "c6303f05-8dc8-4977-a927-25cf396ee08c",
  "title": "ProA - Step 4",
  "status": "DRAFT",
  "version": null,
  "previousVersion": null,
  "assignees": [],
  "tags": [],
  "duplicatedFromEntity": null,
  "metadata": {
    "index": "0",
    "createdAt": "1970-01-01T00:00:00.000Z",
    "lastUpdatedAt": "1970-01-01T00:00:00.000Z",
    "createdByRoleId": "44444444-4444-4444-4444-444444444444",
    "lastUpdatedByRoleId": "44444444-4444-4444-4444-444444444444",
    "editors": []
  },
  "reviewConfig": null,
  "collections": null,
  "type": "STEP",
  "description": null,
  "recordReviewConfig": null,
  "recordCollections": null,
  "subType": "DATA",
  "recordConfig": {
    "allowMultiple": false,
    "fields": {
      "Post priming ensure the minimum volume stated in Table 1 is available": {
        "id": "eae3d2ff-50ca-4259-9dd4-60ed7134bfec",
        "type": "SELECT",
        "value": null,
        "config": {
          "allowMultiple": false,
          "selectOptions": [
            "Yes",
            "No"
          ]
        },
        "dataType": "SELECT"
      }
    },
    "pageContent": [
      {
        "id": "0a6e2bb3-3a45-4c1e-9972-6d86827be7a6",
        "type": "p",
        "align": "justify",
        "children": [
          {
            "text": "Confirm that the appropriate volumes of the following buffers are available and that the buffers are within date. Record the buffer details in Section 3. "
          }
        ]
      },
      {
        "id": "99b1e8bb-64d2-4f5a-9f16-502d78ba7fde",
        "type": "p",
        "align": "justify",
        "children": [
          {
            "text": ""
          }
        ]
      },
      {
        "id": "603f8c89-5b0f-4f52-bd74-d9f4dc7d17ca",
        "type": "p",
        "align": "justify",
        "children": [
          {
            "text": "Place the following AKTA inlet lines into the following buffers."
          }
        ]
      },
      {
        "id": "1eb0ec86-e6e4-497d-a4cc-f50ae0ea6878",
        "type": "p",
        "align": "justify",
        "children": [
          {
            "bold": true,
            "text": ""
          }
        ]
      },
      {
        "id": "ebe5dbd9-e20f-472c-8b0d-8f54b72962cb",
        "type": "p",
        "align": "justify",
        "children": [
          {
            "bold": true,
            "text": "Table 3. Inlet line priming "
          }
        ]
      },
      {
        "id": "22d7f3a2-1795-424a-a6ef-65d65370c2c3",
        "type": "table",
        "children": [
          {
            "id": "a47e6284-e9e0-4de2-a3af-5f00eac2399e",
            "type": "tr",
            "children": [
              {
                "id": "a32beb41-c776-4180-a0ce-0fad6e80871f",
                "type": "td",
                "children": [
                  {
                    "id": "42a3b680-55a3-4f0c-bad7-f38101ea3134",
                    "type": "p",
                    "align": "center",
                    "children": [
                      {
                        "bold": true,
                        "text": "Priming Order"
                      }
                    ]
                  }
                ]
              },
              {
                "id": "38a4dc2f-7fa4-4e00-8886-b2c34e396a3f",
                "type": "td",
                "children": [
                  {
                    "id": "91296b2c-3872-4547-b2f9-b88d97173420",
                    "type": "p",
                    "align": "center",
                    "children": [
                      {
                        "bold": true,
                        "text": "Buffer"
                      }
                    ]
                  }
                ]
              },
              {
                "id": "ba1f1178-a963-4c44-ad25-d1d8e9873b2c",
                "type": "td",
                "children": [
                  {
                    "id": "5e8bf356-8de0-45f8-ae3a-7b8ce3c60de0",
                    "type": "p",
                    "align": "center",
                    "children": [
                      {
                        "bold": true,
                        "text": "Inlet Line"
                      }
                    ]
                  }
                ]
              },
              {
                "id": "1be707d8-de9e-44f0-88c0-907315cbdb31",
                "type": "td",
                "children": [
                  {
                    "id": "a855aac2-0c55-44a1-b7b6-4364864a3b80",
                    "type": "p",
                    "align": "center",
                    "children": [
                      {
                        "bold": true,
                        "text": "Tick when primed"
                      }
                    ]
                  }
                ]
              }
            ]
          },
          {
            "id": "b9cef825-7967-4128-bd6b-d3e090383dcd",
            "type": "tr",
            "children": [
              {
                "id": "efc23896-1079-4cdc-9974-9fa711c33758",
                "type": "td",
                "children": [
                  {
                    "id": "785b356a-9193-4d60-9dc9-3b58eb4fff3d",
                    "type": "p",
                    "align": "center",
                    "children": [
                      {
                        "text": "1"
                      }
                    ]
                  }
                ]
              },
              {
                "id": "77dd689a-2834-4fbb-9f09-79669412ff97",
                "type": "td",
                "children": [
                  {
                    "id": "22f5ff82-0da4-429c-aaf2-2a70adcf14db",
                    "type": "p",
                    "align": "justify",
                    "children": [
                      {
                        "text": "Protein A Storage"
                      }
                    ]
                  }
                ]
              },
              {
                "id": "a3b65ffa-531a-4d01-9ab5-5be704515afb",
                "type": "td",
                "children": [
                  {
                    "id": "b49ac59b-d8ac-4831-abc7-63c74f0ae717",
                    "type": "p",
                    "align": "center",
                    "children": [
                      {
                        "text": "A7"
                      }
                    ]
                  }
                ]
              },
              {
                "id": "ad4a9a28-fe9d-4f4f-87f3-ba5245891cca",
                "type": "td",
                "children": [
                  {
                    "id": "ea5838a8-68e1-4e0b-9956-b28ffe474f1f",
                    "type": "p",
                    "children": [
                      {
                        "text": "\n"
                      }
                    ]
                  }
                ]
              }
            ]
          },
          {
            "id": "d74077f5-2885-4ce1-ba60-284d851dc0f3",
            "type": "tr",
            "children": [
              {
                "id": "4f89fd6d-a81a-48a9-9efd-7273ed9caabb",
                "type": "td",
                "children": [
                  {
                    "id": "66514092-e035-4826-b86c-d50f5e6b489f",
                    "type": "p",
                    "align": "center",
                    "children": [
                      {
                        "text": "2"
                      }
                    ]
                  }
                ]
              },
              {
                "id": "48d4b860-cedd-4cc1-a8ba-47ffddc596e6",
                "type": "td",
                "children": [
                  {
                    "id": "8173e011-761b-4334-b32d-ac61f8146a3f",
                    "type": "p",
                    "align": "justify",
                    "children": [
                      {
                        "text": "Protein A Strip"
                      }
                    ]
                  }
                ]
              },
              {
                "id": "d832c722-4144-4857-9167-8402225b2acd",
                "type": "td",
                "children": [
                  {
                    "id": "70391150-4283-49d3-a847-41d7ed066ef4",
                    "type": "p",
                    "align": "center",
                    "children": [
                      {
                        "text": "B2"
                      }
                    ]
                  }
                ]
              },
              {
                "id": "d794a724-b9c7-4014-9489-82e6c9891425",
                "type": "td",
                "children": [
                  {
                    "id": "23f97828-7a3f-48ef-b013-c87d631f3690",
                    "type": "p",
                    "children": [
                      {
                        "text": "\n"
                      }
                    ]
                  }
                ]
              }
            ]
          },
          {
            "id": "0bff3d77-cfed-469f-9bbf-acb1a08c80e3",
            "type": "tr",
            "children": [
              {
                "id": "7acc859e-c790-46d8-812a-b8e6139bb673",
                "type": "td",
                "children": [
                  {
                    "id": "b6177219-a759-48a7-817e-55cac51252c4",
                    "type": "p",
                    "align": "center",
                    "children": [
                      {
                        "text": "3"
                      }
                    ]
                  }
                ]
              },
              {
                "id": "5ff4b881-de5b-4266-8c89-2a6c78aa827d",
                "type": "td",
                "children": [
                  {
                    "id": "f460ce96-efeb-49ac-8946-78cbe96bb32f",
                    "type": "p",
                    "align": "justify",
                    "children": [
                      {
                        "text": "Protein A Elution"
                      }
                    ]
                  }
                ]
              },
              {
                "id": "89c4950b-3c79-4ef7-adf8-977b58354b8c",
                "type": "td",
                "children": [
                  {
                    "id": "fc046073-0636-4998-b2ea-1464d8427657",
                    "type": "p",
                    "align": "center",
                    "children": [
                      {
                        "text": "B1"
                      }
                    ]
                  }
                ]
              },
              {
                "id": "452d55b5-9b35-43f3-a869-d7c6a0830d43",
                "type": "td",
                "children": [
                  {
                    "id": "dd8b0f58-53cc-4b39-970f-655a092a1a8d",
                    "type": "p",
                    "children": [
                      {
                        "text": "\n"
                      }
                    ]
                  }
                ]
              }
            ]
          },
          {
            "id": "a2a4d73f-b419-4dc7-8526-37d7bb8a6e94",
            "type": "tr",
            "children": [
              {
                "id": "ed958a5b-c518-4c06-a576-a81d55e23cc6",
                "type": "td",
                "children": [
                  {
                    "id": "333ea46a-800f-49e5-8564-5533dc6aeb6a",
                    "type": "p",
                    "align": "center",
                    "children": [
                      {
                        "text": "4"
                      }
                    ]
                  }
                ]
              },
              {
                "id": "b05304b5-3ca6-4124-bcd8-e254ca4cb665",
                "type": "td",
                "children": [
                  {
                    "id": "07fc46e2-8322-4eac-8429-8c145ab5b551",
                    "type": "p",
                    "align": "justify",
                    "children": [
                      {
                        "text": "Protein A Wash 1"
                      }
                    ]
                  }
                ]
              },
              {
                "id": "9552aa92-c85a-473b-88ac-42e538b95ced",
                "type": "td",
                "children": [
                  {
                    "id": "e604af38-697a-4bf8-b11c-5e2d08d8e020",
                    "type": "p",
                    "align": "center",
                    "children": [
                      {
                        "text": "A2"
                      }
                    ]
                  }
                ]
              },
              {
                "id": "1dce0d4f-be67-4266-860e-fdcede0fe131",
                "type": "td",
                "children": [
                  {
                    "id": "7c664555-b1f2-42f6-84e0-3d15363c92a0",
                    "type": "p",
                    "children": [
                      {
                        "text": "\n"
                      }
                    ]
                  }
                ]
              }
            ]
          },
          {
            "id": "48ae2245-a0a3-4082-bfc2-0247ab469ba2",
            "type": "tr",
            "children": [
              {
                "id": "a2014bda-03cd-48ae-8a8e-62729addd911",
                "type": "td",
                "children": [
                  {
                    "id": "55b219a7-4a29-4833-941a-a7626838f13a",
                    "type": "p",
                    "align": "center",
                    "children": [
                      {
                        "text": "5"
                      }
                    ]
                  }
                ]
              },
              {
                "id": "52ebf371-4ebe-4109-a826-865805356431",
                "type": "td",
                "children": [
                  {
                    "id": "d4425c18-746e-4e26-9902-3828cc4965d0",
                    "type": "p",
                    "align": "justify",
                    "children": [
                      {
                        "text": "Protein A Wash 2"
                      }
                    ]
                  }
                ]
              },
              {
                "id": "4556a4ca-9488-47da-abc6-61b644bfefa7",
                "type": "td",
                "children": [
                  {
                    "id": "88223617-ad32-49c5-b87c-ee9dd8c2e881",
                    "type": "p",
                    "align": "center",
                    "children": [
                      {
                        "text": "A3"
                      }
                    ]
                  }
                ]
              },
              {
                "id": "0d0d7a64-72de-4fe8-8519-5a2d9bed381b",
                "type": "td",
                "children": [
                  {
                    "id": "bc8d888c-2553-48f5-b04a-a9f4a50225c5",
                    "type": "p",
                    "children": [
                      {
                        "text": "\n"
                      }
                    ]
                  }
                ]
              }
            ]
          },
          {
            "id": "19e9a948-9ffa-451f-9667-8217d2872102",
            "type": "tr",
            "children": [
              {
                "id": "0f779a1e-1498-4790-82b5-abb5e882bf61",
                "type": "td",
                "children": [
                  {
                    "id": "fbcb1f17-47c6-49d0-ad7b-881640dfcdb8",
                    "type": "p",
                    "align": "center",
                    "children": [
                      {
                        "text": "6"
                      }
                    ]
                  }
                ]
              },
              {
                "id": "8b9e50ed-652f-450c-b4fb-848037a72d6a",
                "type": "td",
                "children": [
                  {
                    "id": "a2c09690-e4c3-4aac-8936-1ed97b188f68",
                    "type": "p",
                    "align": "justify",
                    "children": [
                      {
                        "text": "Protein A Wash 3"
                      }
                    ]
                  }
                ]
              },
              {
                "id": "3b374951-ac5c-467b-9d06-2904f5f93ea4",
                "type": "td",
                "children": [
                  {
                    "id": "bdcea029-81d1-4c79-a153-13b4aeb3deb5",
                    "type": "p",
                    "align": "center",
                    "children": [
                      {
                        "text": "A4"
                      }
                    ]
                  }
                ]
              },
              {
                "id": "bb92a292-f233-4b38-82ab-0daae60fa488",
                "type": "td",
                "children": [
                  {
                    "id": "ab6f094b-cf9e-4a26-9b8f-f41ccb1559cc",
                    "type": "p",
                    "children": [
                      {
                        "text": "\n"
                      }
                    ]
                  }
                ]
              }
            ]
          },
          {
            "id": "6792d1cc-2487-49b7-8763-0541ead287d6",
            "type": "tr",
            "children": [
              {
                "id": "c40cac5e-aab6-4564-af4e-d87cf55a0f03",
                "type": "td",
                "children": [
                  {
                    "id": "32f64f2b-f5a3-48f8-8d33-716cd22f4902",
                    "type": "p",
                    "align": "center",
                    "children": [
                      {
                        "text": "7"
                      }
                    ]
                  }
                ]
              },
              {
                "id": "cbe44407-2b5e-4c06-b946-5629fe99c383",
                "type": "td",
                "children": [
                  {
                    "id": "5832c57c-8aba-41d1-95fc-b351f5742ca2",
                    "type": "p",
                    "align": "justify",
                    "children": [
                      {
                        "text": "Protein A Equilibration"
                      }
                    ]
                  },
                  {
                    "id": "bcf7384d-6b2d-404e-805e-727fe5aa592f",
                    "type": "p",
                    "align": "justify",
                    "children": [
                      {
                        "text": "followed by"
                      }
                    ]
                  },
                  {
                    "id": "77d3c667-1fca-4ce2-b596-c2391f09aa38",
                    "type": "p",
                    "align": "justify",
                    "children": [
                      {
                        "text": "Protein A Load"
                      }
                    ]
                  }
                ]
              },
              {
                "id": "0d32e07d-cb30-4b51-b5af-6030efc542d5",
                "type": "td",
                "children": [
                  {
                    "id": "d36ecc05-5174-47dc-ad41-c57baa3ca3b5",
                    "type": "p",
                    "align": "center",
                    "children": [
                      {
                        "text": "S1 "
                      }
                    ]
                  }
                ]
              },
              {
                "id": "07c1f464-0f94-4640-9765-b9f579e10827",
                "type": "td",
                "children": [
                  {
                    "id": "9258c944-1bfd-4866-8628-a740e85c85f9",
                    "type": "p",
                    "children": [
                      {
                        "text": "\n"
                      }
                    ]
                  }
                ]
              }
            ]
          },
          {
            "id": "0a6077f4-dddc-4ffd-bfe3-c061cec27e4e",
            "type": "tr",
            "children": [
              {
                "id": "b1d1879b-6c01-4738-aa78-072116f81efa",
                "type": "td",
                "children": [
                  {
                    "id": "b9bf9b3d-95a9-463e-89eb-033ccacf34cf",
                    "type": "p",
                    "align": "center",
                    "children": [
                      {
                        "text": "8"
                      }
                    ]
                  }
                ]
              },
              {
                "id": "d40556ea-c2bb-4bb3-a6aa-208fbb295429",
                "type": "td",
                "children": [
                  {
                    "id": "7789a33d-59ad-4e7b-a4e7-5d83efb66582",
                    "type": "p",
                    "align": "justify",
                    "children": [
                      {
                        "text": "Protein A Equilibration"
                      }
                    ]
                  }
                ]
              },
              {
                "id": "c1aa2a25-9006-4d33-88b0-fec9385f509c",
                "type": "td",
                "children": [
                  {
                    "id": "f073bf0d-8d9c-4320-8d62-b19326ae0fcd",
                    "type": "p",
                    "align": "center",
                    "children": [
                      {
                        "text": "Buffer"
                      }
                    ]
                  }
                ]
              },
              {
                "id": "377740cb-ec0e-4cdb-9c6a-53abe5d1d7f0",
                "type": "td",
                "children": [
                  {
                    "id": "7915b41a-5136-412e-9105-9b0e7af9c3e1",
                    "type": "p",
                    "children": [
                      {
                        "text": "\n"
                      }
                    ]
                  }
                ]
              }
            ]
          },
          {
            "id": "455767e9-2eb5-42ff-9651-04bd05bb4bd6",
            "type": "tr",
            "children": [
              {
                "id": "c8e302b5-6d07-45fc-8afd-d970ed57cac7",
                "type": "td",
                "children": [
                  {
                    "id": "64151e94-3b7a-4846-8f82-151f56a8c2bb",
                    "type": "p",
                    "align": "center",
                    "children": [
                      {
                        "text": "9"
                      }
                    ]
                  }
                ]
              },
              {
                "id": "509446d6-c2fd-49e3-95f7-329a13d8b81d",
                "type": "td",
                "children": [
                  {
                    "id": "6eefcf25-1c1a-4e46-a4d6-cd825868fa18",
                    "type": "p",
                    "align": "justify",
                    "children": [
                      {
                        "text": "Protein A Equilibration"
                      }
                    ]
                  }
                ]
              },
              {
                "id": "e20ae89c-c000-4185-91b0-f2fc80726d56",
                "type": "td",
                "children": [
                  {
                    "id": "f5c203a1-b74f-4d0a-96f9-fc54db930d0d",
                    "type": "p",
                    "align": "center",
                    "children": [
                      {
                        "text": "A1"
                      }
                    ]
                  }
                ]
              },
              {
                "id": "31c3e7ff-a276-4318-8374-c6b6c6c90e08",
                "type": "td",
                "children": [
                  {
                    "id": "eeb26fbb-f5cb-4188-8868-8b23568b4744",
                    "type": "p",
                    "children": [
                      {
                        "text": "\n"
                      }
                    ]
                  }
                ]
              }
            ]
          },
          {
            "id": "d29818f9-32f1-44dc-af38-800844e95bb8",
            "type": "tr",
            "children": [
              {
                "id": "736a4e78-a8b6-45e5-85d5-b05561f185b5",
                "type": "td",
                "children": [
                  {
                    "id": "b4f95c65-e988-4830-b53a-0208564bc1a8",
                    "type": "p",
                    "align": "center",
                    "children": [
                      {
                        "text": "10"
                      }
                    ]
                  }
                ]
              },
              {
                "id": "3b3ba52c-6120-4059-859b-04241e3cd5b2",
                "type": "td",
                "children": [
                  {
                    "id": "ba67a1f3-8f30-436b-a057-6b80d347ac9f",
                    "type": "p",
                    "align": "justify",
                    "children": [
                      {
                        "text": "Column Sanitisation"
                      }
                    ]
                  }
                ]
              },
              {
                "id": "d532d2dd-7652-474e-b832-5bb56611c9e8",
                "type": "td",
                "children": [
                  {
                    "id": "e22b0358-5d44-4124-8238-f55f5cd111de",
                    "type": "p",
                    "align": "center",
                    "children": [
                      {
                        "text": "A6"
                      }
                    ]
                  }
                ]
              },
              {
                "id": "b37ab7b9-27f2-4ac1-993e-35ba9ecf7e74",
                "type": "td",
                "children": [
                  {
                    "id": "4ee232e8-62e6-43ec-9d69-0f2288eef025",
                    "type": "p",
                    "children": [
                      {
                        "text": "\n"
                      }
                    ]
                  }
                ]
              }
            ]
          },
          {
            "id": "b915b1ad-353b-445f-a71b-b4b62577ffdf",
            "type": "tr",
            "children": [
              {
                "id": "254d1d44-d824-45ef-8116-5bbd23e8500c",
                "type": "td",
                "children": [
                  {
                    "id": "6d371f47-d953-480e-848d-cd14e55218c6",
                    "type": "p",
                    "align": "center",
                    "children": [
                      {
                        "text": "11"
                      }
                    ]
                  }
                ]
              },
              {
                "id": "2f17446f-0d94-4a05-bdc5-165f55f9f4d4",
                "type": "td",
                "children": [
                  {
                    "id": "35c88577-c82a-4e57-8a8e-b16988b8cd9a",
                    "type": "p",
                    "align": "justify",
                    "children": [
                      {
                        "text": "Purified Water"
                      }
                    ]
                  }
                ]
              },
              {
                "id": "dae85cd7-0cd0-4f8c-ad2f-1f291264bc04",
                "type": "td",
                "children": [
                  {
                    "id": "3c9d77f5-6c0d-4a77-b3eb-1c01378aadee",
                    "type": "p",
                    "align": "center",
                    "children": [
                      {
                        "text": "A5"
                      }
                    ]
                  }
                ]
              },
              {
                "id": "4fe6ec7f-923c-48a2-9c35-68f3287262cd",
                "type": "td",
                "children": [
                  {
                    "id": "749a8b4c-5d07-4b1e-8869-11071039f3f1",
                    "type": "p",
                    "children": [
                      {
                        "text": "\n"
                      }
                    ]
                  }
                ]
              }
            ]
          }
        ]
      },
      {
        "id": "927f5ef2-c92b-4886-9b31-e42423b5e7e7",
        "type": "p",
        "children": [
          {
            "text": ""
          }
        ]
      },
      {
        "id": "674eca38-a511-4712-a83a-185989a732ba",
        "type": "field",
        "fieldId": "eae3d2ff-50ca-4259-9dd4-60ed7134bfec",
        "children": [
          {
            "text": ""
          }
        ]
      }
    ]
  },
  "tableView": {
    "properties": [
      {
        "id": "ce778394-166e-4ba6-8608-d14c42990d91",
        "type": "FIELD",
        "fieldId": "eae3d2ff-50ca-4259-9dd4-60ed7134bfec"
      }
    ]
  }
}