{
  "schemaVersion": "1.0.0",
  "id": "cd464880-e20f-4eac-9c9a-de0e5ca51d2b",
  "title": "ProA - Step 14",
  "status": "DRAFT",
  "version": null,
  "previousVersion": null,
  "assignees": [],
  "tags": [],
  "duplicatedFromEntity": null,
  "metadata": {
    "index": "0",
    "createdAt": "1970-01-01T00:00:00.000Z",
    "lastUpdatedAt": "1970-01-01T00:00:00.000Z",
    "createdByRoleId": "44444444-4444-4444-4444-444444444444",
    "lastUpdatedByRoleId": "44444444-4444-4444-4444-444444444444",
    "editors": []
  },
  "reviewConfig": null,
  "collections": null,
  "type": "STEP",
  "description": null,
  "recordReviewConfig": null,
  "recordCollections": null,
  "subType": "DATA",
  "recordConfig": {
    "allowMultiple": false,
    "fields": {},
    "pageContent": [
      {
        "id": "dc5094cb-34e5-42a0-b469-221572d6d518",
        "type": "p",
        "children": [
          {
            "text": "Sample the Protein A Load according to the same plan. "
          }
        ]
      }
    ]
  },
  "tableView": {
    "properties": []
  }
}