{
  "schemaVersion": "1.0.0",
  "id": "d4e8de71-6628-443b-a3fe-485dd04859e9",
  "title": "ProA - Step 26",
  "status": "DRAFT",
  "version": null,
  "previousVersion": null,
  "assignees": [],
  "tags": [],
  "duplicatedFromEntity": null,
  "metadata": {
    "index": "0",
    "createdAt": "1970-01-01T00:00:00.000Z",
    "lastUpdatedAt": "1970-01-01T00:00:00.000Z",
    "createdByRoleId": "44444444-4444-4444-4444-444444444444",
    "lastUpdatedByRoleId": "44444444-4444-4444-4444-444444444444",
    "editors": []
  },
  "reviewConfig": null,
  "collections": null,
  "type": "STEP",
  "description": null,
  "recordReviewConfig": null,
  "recordCollections": null,
  "subType": "DATA",
  "recordConfig": {
    "allowMultiple": false,
    "fields": {
      "No. of previous product cycles": {
        "id": "b6379d5b-3ada-41e1-85f6-0b6940f7ead5",
        "type": "NUMBER",
        "value": null,
        "config": {},
        "dataType": "NUMBER"
      }
    },
    "pageContent": [
      {
        "id": "d56c5b99-2116-45fc-9dab-9043f2bb4f8c",
        "type": "p",
        "align": "justify",
        "children": [
          {
            "text": "Update the information for number of times resin has been used on the column label. "
          }
        ]
      },
      {
        "id": "3f2d5c99-0a92-4f19-8bf5-e9c1f9665474",
        "type": "field",
        "fieldId": "b6379d5b-3ada-41e1-85f6-0b6940f7ead5",
        "children": [
          {
            "text": ""
          }
        ]
      }
    ]
  },
  "tableView": {
    "properties": [
      {
        "id": "6661ee28-2191-419e-88e4-f14d2b126c06",
        "type": "FIELD",
        "fieldId": "b6379d5b-3ada-41e1-85f6-0b6940f7ead5"
      }
    ]
  }
}