{
  "schemaVersion": "1.0.0",
  "id": "d5b495db-5a45-4bb3-bc2b-d84961c77410",
  "title": "ProA - Step 22",
  "status": "DRAFT",
  "version": null,
  "previousVersion": null,
  "assignees": [],
  "tags": [],
  "duplicatedFromEntity": null,
  "metadata": {
    "index": "0",
    "createdAt": "1970-01-01T00:00:00.000Z",
    "lastUpdatedAt": "1970-01-01T00:00:00.000Z",
    "createdByRoleId": "44444444-4444-4444-4444-444444444444",
    "lastUpdatedByRoleId": "44444444-4444-4444-4444-444444444444",
    "editors": []
  },
  "reviewConfig": null,
  "collections": null,
  "type": "STEP",
  "description": null,
  "recordReviewConfig": null,
  "recordCollections": null,
  "subType": "DATA",
  "recordConfig": {
    "allowMultiple": false,
    "fields": {},
    "pageContent": [
      {
        "id": "75046808-7fe9-4cf4-835e-91ebeee1e5a3",
        "type": "p",
        "align": "justify",
        "children": [
          {
            "bold": true,
            "text": "Gently mix each collection bottle and take samples as detailed in the sample plan. "
          }
        ]
      }
    ]
  },
  "tableView": {
    "properties": []
  }
}