{
  "schemaVersion": "1.0.0",
  "id": "e7c24f60-5371-44ce-8056-2cd1fe55806a",
  "title": "ProA - Step 2",
  "status": "DRAFT",
  "version": null,
  "previousVersion": null,
  "assignees": [],
  "tags": [],
  "duplicatedFromEntity": null,
  "metadata": {
    "index": "0",
    "createdAt": "1970-01-01T00:00:00.000Z",
    "lastUpdatedAt": "1970-01-01T00:00:00.000Z",
    "createdByRoleId": "44444444-4444-4444-4444-444444444444",
    "lastUpdatedByRoleId": "44444444-4444-4444-4444-444444444444",
    "editors": []
  },
  "reviewConfig": null,
  "collections": null,
  "type": "STEP",
  "description": null,
  "recordReviewConfig": null,
  "recordCollections": null,
  "subType": "DATA",
  "recordConfig": {
    "allowMultiple": false,
    "fields": {
      "AKTÄ #": {
        "id": "fe1acb77-0d87-42a4-8e96-79c618f7ffe7",
        "type": "STRING",
        "value": null,
        "config": {},
        "dataType": "STRING"
      },
      "2 mm UV flow cell": {
        "id": "64d9377e-0bf3-4e19-93f8-43f9b859738b",
        "type": "SELECT",
        "value": null,
        "config": {
          "allowMultiple": false,
          "selectOptions": [
            "Yes",
            "No"
          ]
        },
        "dataType": "SELECT"
      },
      "1.4 mL mixing chamber": {
        "id": "a8aab78f-83d4-4741-bdd4-fdcba75813d2",
        "type": "SELECT",
        "value": null,
        "config": {
          "allowMultiple": false,
          "selectOptions": [
            "Yes",
            "No"
          ]
        },
        "dataType": "SELECT"
      },
      "2 bar flow restrictor on pH valve": {
        "id": "1f6310f6-7778-49fd-930d-91049e8697ea",
        "type": "SELECT",
        "value": null,
        "config": {
          "allowMultiple": false,
          "selectOptions": [
            "Yes",
            "No"
          ]
        },
        "dataType": "SELECT"
      }
    },
    "pageContent": [
      {
        "id": "c4adbe90-9109-4d2f-95d6-e6ba076c0419",
        "type": "p",
        "children": [
          {
            "text": "Ensure that column is connected to the AKTÄ."
          }
        ]
      },
      {
        "id": "bc552baa-704e-4ec6-b2ca-6ec89f12aa80",
        "type": "field",
        "fieldId": "fe1acb77-0d87-42a4-8e96-79c618f7ffe7",
        "children": [
          {
            "text": ""
          }
        ]
      },
      {
        "id": "29734fd9-9ef0-4158-b547-63f46f4324e0",
        "type": "p",
        "children": [
          {
            "text": ""
          }
        ]
      },
      {
        "id": "e9236953-d72d-40a2-bd59-c969f84a216d",
        "type": "p",
        "children": [
          {
            "text": "Check the following required items are installed:"
          }
        ]
      },
      {
        "id": "af21a466-682c-41b0-bfb2-f7bddbc6d997",
        "type": "field",
        "fieldId": "64d9377e-0bf3-4e19-93f8-43f9b859738b",
        "children": [
          {
            "text": ""
          }
        ]
      },
      {
        "id": "0125a6d3-7fc2-47f6-a892-63dfa46fb8f5",
        "type": "field",
        "fieldId": "a8aab78f-83d4-4741-bdd4-fdcba75813d2",
        "children": [
          {
            "text": ""
          }
        ]
      },
      {
        "id": "5127d854-3454-4fff-8572-bc4bd508fc90",
        "type": "field",
        "fieldId": "1f6310f6-7778-49fd-930d-91049e8697ea",
        "children": [
          {
            "text": ""
          }
        ]
      }
    ]
  },
  "tableView": {
    "properties": [
      {
        "id": "c97b7587-bea5-4460-99ce-561af7e1f23b",
        "type": "FIELD",
        "fieldId": "64d9377e-0bf3-4e19-93f8-43f9b859738b"
      },
      {
        "id": "6a117274-a480-4904-8b95-d37a8a00056b",
        "type": "FIELD",
        "fieldId": "a8aab78f-83d4-4741-bdd4-fdcba75813d2"
      },
      {
        "id": "3852f408-b339-43fb-b35a-a5c2a96f3e45",
        "type": "FIELD",
        "fieldId": "1f6310f6-7778-49fd-930d-91049e8697ea"
      },
      {
        "id": "95078e35-c441-4fff-8e75-7aa56f7539ff",
        "type": "FIELD",
        "fieldId": "fe1acb77-0d87-42a4-8e96-79c618f7ffe7"
      }
    ]
  }
}