{
  "schemaVersion": "1.0.0",
  "id": "fc1a710d-dd5e-48e7-995d-eb51f7b1d204",
  "title": "ProA - Step 17",
  "status": "DRAFT",
  "version": null,
  "previousVersion": null,
  "assignees": [],
  "tags": [],
  "duplicatedFromEntity": null,
  "metadata": {
    "index": "0",
    "createdAt": "1970-01-01T00:00:00.000Z",
    "lastUpdatedAt": "1970-01-01T00:00:00.000Z",
    "createdByRoleId": "44444444-4444-4444-4444-444444444444",
    "lastUpdatedByRoleId": "44444444-4444-4444-4444-444444444444",
    "editors": []
  },
  "reviewConfig": null,
  "collections": null,
  "type": "STEP",
  "description": null,
  "recordReviewConfig": null,
  "recordCollections": null,
  "subType": "DATA",
  "recordConfig": {
    "allowMultiple": false,
    "fields": {},
    "pageContent": [
      {
        "id": "d46a8729-86cc-432a-9117-94efc9a805ec",
        "type": "p",
        "align": "justify",
        "children": [
          {
            "text": "Transfer the S1 line on the Avant into the prepared Protein A load material being careful not to introduce air into the inlet line. Secure the line in place using parafilm or a clip."
          }
        ]
      },
      {
        "id": "cffec0a7-e4e1-4f79-bbdf-6abc4a18114d",
        "type": "p",
        "children": [
          {
            "text": "\n"
          }
        ]
      },
      {
        "id": "bcb865b8-fc71-4901-a252-a64d0a43d211",
        "type": "p",
        "align": "justify",
        "children": [
          {
            "text": "CONTINUE the method (the method will automatically prime S1 with load before application to the column)."
          }
        ]
      }
    ]
  },
  "tableView": {
    "properties": []
  }
}