{
  "schemaVersion": "1.0.0",
  "id": "14962392-378c-4161-a5c7-eaa98522be66",
  "title": "AEX - Step 16",
  "status": "DRAFT",
  "version": null,
  "previousVersion": null,
  "assignees": [],
  "tags": [],
  "duplicatedFromEntity": null,
  "metadata": {
    "index": "0",
    "createdAt": "1970-01-01T00:00:00.000Z",
    "lastUpdatedAt": "1970-01-01T00:00:00.000Z",
    "createdByRoleId": "44444444-4444-4444-4444-444444444444",
    "lastUpdatedByRoleId": "44444444-4444-4444-4444-444444444444",
    "editors": []
  },
  "reviewConfig": null,
  "collections": null,
  "type": "STEP",
  "description": null,
  "recordReviewConfig": null,
  "recordCollections": null,
  "subType": "DATA",
  "recordConfig": {
    "allowMultiple": false,
    "fields": {},
    "pageContent": [
      {
        "id": "bb405a51-c5a2-4fff-9e58-3e375b10d5da",
        "type": "p",
        "align": "justify",
        "children": [
          {
            "text": "Transfer the S1 line on the Avant into the prepared Sartobind Q load material being careful not to introduce air into the inlet line. Secure the line in place using parafilm or a clip."
          }
        ]
      },
      {
        "id": "a0bc6102-f705-48b7-8b27-fdcd98d8d8f0",
        "type": "p",
        "children": [
          {
            "text": "\n"
          }
        ]
      },
      {
        "id": "70ac8e02-5ba1-4973-8678-22a1ec6843ee",
        "type": "p",
        "align": "justify",
        "children": [
          {
            "text": "CONTINUE the method (the method will automatically prime S1 with load before application to the column).\n"
          }
        ]
      }
    ]
  },
  "tableView": {
    "properties": []
  }
}