{
  "schemaVersion": "1.0.0",
  "id": "26050638-6759-47fa-b54d-1599d98aa8a9",
  "title": "AEX - Step 22",
  "status": "DRAFT",
  "version": null,
  "previousVersion": null,
  "assignees": [],
  "tags": [],
  "duplicatedFromEntity": null,
  "metadata": {
    "index": "0",
    "createdAt": "1970-01-01T00:00:00.000Z",
    "lastUpdatedAt": "1970-01-01T00:00:00.000Z",
    "createdByRoleId": "44444444-4444-4444-4444-444444444444",
    "lastUpdatedByRoleId": "44444444-4444-4444-4444-444444444444",
    "editors": []
  },
  "reviewConfig": null,
  "collections": null,
  "type": "STEP",
  "description": null,
  "recordReviewConfig": null,
  "recordCollections": null,
  "subType": "DATA",
  "recordConfig": {
    "allowMultiple": false,
    "fields": {},
    "pageContent": [
      {
        "id": "be68be78-5dd7-408d-93d8-51832551cd20",
        "type": "p",
        "align": "justify",
        "children": [
          {
            "text": "Once the method has finished, record the volumes from Unicorn (this is summarised in the results window in the evaluation mode). Confirm that the AKTA has performed each individual block and delivered the correct amount of CV in each block."
          }
        ]
      },
      {
        "id": "11448250-0dd4-4afa-9383-f31cbfcdbdef",
        "type": "p",
        "children": [
          {
            "text": ""
          }
        ]
      },
      {
        "id": "0558e1cd-09ff-48ae-bb55-bd5d21ed1452",
        "type": "table",
        "children": [
          {
            "id": "5924d96f-f25d-4544-a855-99544b9841e2",
            "type": "tr",
            "children": [
              {
                "id": "243a30d6-5570-42c0-959c-4102c7cc03ca",
                "type": "td",
                "children": [
                  {
                    "id": "3089182d-21cd-4b5e-9b1d-5353579c082b",
                    "type": "p",
                    "align": "center",
                    "children": [
                      {
                        "text": "Sample"
                      }
                    ]
                  }
                ]
              },
              {
                "id": "5656e035-8090-42fa-b951-45cae5100dad",
                "type": "td",
                "children": [
                  {
                    "id": "5f750a89-96ec-4420-b248-aaf98e39f54a",
                    "type": "p",
                    "align": "center",
                    "children": [
                      {
                        "text": "Volume from Unicorn (mL)"
                      }
                    ]
                  }
                ]
              }
            ]
          },
          {
            "id": "bce284a3-70d4-41c1-98c4-99933b92fe48",
            "type": "tr",
            "children": [
              {
                "id": "e7431022-f751-496f-9caa-5ba834e4375a",
                "type": "td",
                "children": [
                  {
                    "id": "b56cb3c6-9dd9-4038-95db-c91a9bd827f0",
                    "type": "p",
                    "align": "center",
                    "children": [
                      {
                        "text": "Sartobind Q Load"
                      }
                    ]
                  }
                ]
              },
              {
                "id": "dc93bd51-de02-42f6-8479-9ff1afc3bf97",
                "type": "td",
                "children": [
                  {
                    "id": "9fda500d-45f5-45c3-a56b-7763db9d9b89",
                    "type": "p",
                    "children": [
                      {
                        "text": "\n\n"
                      }
                    ]
                  }
                ]
              }
            ]
          },
          {
            "id": "ec83be11-4da6-4dab-a8fc-6be09e6aef4d",
            "type": "tr",
            "children": [
              {
                "id": "91bfece6-85aa-4826-b201-5144b3504703",
                "type": "td",
                "children": [
                  {
                    "id": "75b6287a-d654-4412-89a3-b6f9dc017d3c",
                    "type": "p",
                    "align": "center",
                    "children": [
                      {
                        "text": "Sartobind Q Flowthrough"
                      }
                    ]
                  }
                ]
              },
              {
                "id": "b17f89f9-0881-4632-929c-cea83c760e61",
                "type": "td",
                "children": [
                  {
                    "id": "fcd737ce-126c-4dff-8b3a-114efea4ca3d",
                    "type": "p",
                    "children": [
                      {
                        "text": "\n\n"
                      }
                    ]
                  }
                ]
              }
            ]
          }
        ]
      },
      {
        "id": "1b11cec0-0013-4873-8f14-9e45250a323d",
        "type": "p",
        "align": "justify",
        "children": [
          {
            "text": "If additional analysis has been performed, record in the supplementary notes."
          }
        ]
      }
    ]
  },
  "tableView": {
    "properties": []
  }
}