{
  "schemaVersion": "1.0.0",
  "id": "28b7de8f-aaab-44fe-b994-5322eb3e7a4a",
  "title": "AEX - Step 19",
  "status": "DRAFT",
  "version": null,
  "previousVersion": null,
  "assignees": [],
  "tags": [],
  "duplicatedFromEntity": null,
  "metadata": {
    "index": "0",
    "createdAt": "1970-01-01T00:00:00.000Z",
    "lastUpdatedAt": "1970-01-01T00:00:00.000Z",
    "createdByRoleId": "44444444-4444-4444-4444-444444444444",
    "lastUpdatedByRoleId": "44444444-4444-4444-4444-444444444444",
    "editors": []
  },
  "reviewConfig": null,
  "collections": null,
  "type": "STEP",
  "description": null,
  "recordReviewConfig": null,
  "recordCollections": null,
  "subType": "DATA",
  "recordConfig": {
    "allowMultiple": false,
    "fields": {
      "Weight of filled collection vessel (B)": {
        "id": "8b7ac2e4-a97a-4fc0-8a29-f995f136810c",
        "type": "NUMBER",
        "value": null,
        "config": {},
        "dataType": "NUMBER"
      }
    },
    "pageContent": [
      {
        "id": "c8da671f-849b-439a-9b71-b0dd2e8d4e46",
        "type": "p",
        "align": "justify",
        "children": [
          {
            "text": "Once the flowthrough collection has finished and before taking any samples, place the lid onto the flowthrough collection vessel, record the filled weight of the flowthrough collection vessel and calculate the weight of the collected product flowthrough. "
          }
        ]
      },
      {
        "id": "e61757f8-adf2-4c4c-ab9c-eb2682676e19",
        "type": "p",
        "children": [
          {
            "text": ""
          }
        ]
      },
      {
        "id": "9c21034a-cf0d-4bf5-ba89-9ca2a30b774e",
        "type": "field",
        "fieldId": "8b7ac2e4-a97a-4fc0-8a29-f995f136810c",
        "children": [
          {
            "text": ""
          }
        ]
      }
    ]
  },
  "tableView": {
    "properties": [
      {
        "id": "606be2d3-95a9-4b14-9396-e62598f52fe2",
        "type": "FIELD",
        "fieldId": "8b7ac2e4-a97a-4fc0-8a29-f995f136810c"
      }
    ]
  }
}