{
  "schemaVersion": "1.0.0",
  "id": "42d32c75-aeca-438f-9d66-ae9d11588c1c",
  "title": "AEX - Step 9",
  "status": "DRAFT",
  "version": null,
  "previousVersion": null,
  "assignees": [],
  "tags": [],
  "duplicatedFromEntity": null,
  "metadata": {
    "index": "0",
    "createdAt": "1970-01-01T00:00:00.000Z",
    "lastUpdatedAt": "1970-01-01T00:00:00.000Z",
    "createdByRoleId": "44444444-4444-4444-4444-444444444444",
    "lastUpdatedByRoleId": "44444444-4444-4444-4444-444444444444",
    "editors": []
  },
  "reviewConfig": null,
  "collections": null,
  "type": "STEP",
  "description": null,
  "recordReviewConfig": null,
  "recordCollections": null,
  "subType": "DATA",
  "recordConfig": {
    "allowMultiple": false,
    "fields": {
      "Equilibration buffer pH": {
        "id": "bf73e58b-4179-458f-a454-00622547b196",
        "type": "NUMBER",
        "value": null,
        "config": {},
        "dataType": "NUMBER"
      },
      "Equilibration buffer conductivity mS/cm": {
        "id": "92af81bb-0338-4e1a-b891-ac32a28edcae",
        "type": "NUMBER",
        "value": null,
        "config": {},
        "dataType": "NUMBER"
      },
      "Equilibration buffer pH Temperature °C": {
        "id": "001440e1-0f5a-43d2-9f60-0971b01a1dd3",
        "type": "NUMBER",
        "value": null,
        "config": {},
        "dataType": "NUMBER"
      },
      "Equilibration buffer conductivity Temperature °C": {
        "id": "3c8a0e69-55da-4ac0-a9bb-3d7db1d91967",
        "type": "NUMBER",
        "value": null,
        "config": {},
        "dataType": "NUMBER"
      }
    },
    "pageContent": [
      {
        "id": "0eb9dc6c-6561-43e9-8b80-7665883c9286",
        "type": "p",
        "align": "justify",
        "children": [
          {
            "text": "Measure the pH and Conductivity of the collected sample of the equilibration effluent from outlet 1."
          }
        ]
      },
      {
        "id": "c7540490-5777-4b4b-a5c1-60b639c097be",
        "type": "p",
        "children": [
          {
            "text": ""
          }
        ]
      },
      {
        "id": "6349f6b0-bb18-42d8-a85e-0e859f4c7400",
        "type": "h3",
        "children": [
          {
            "text": "pH "
          }
        ]
      },
      {
        "id": "32afb65d-cb9c-4b11-bda3-57e243840906",
        "type": "p",
        "children": [
          {
            "text": "Criteria: The pH should be ± 0.1 pH units of the equilibration buffer. Read at 17 ± 2 °C.",
            "italic": true
          }
        ]
      },
      {
        "id": "262a7388-1948-41f5-9f6f-791d097f6464",
        "type": "field",
        "fieldId": "bf73e58b-4179-458f-a454-00622547b196",
        "children": [
          {
            "text": ""
          }
        ]
      },
      {
        "id": "dac64d59-43ca-41cb-b6a2-74c5b41b8667",
        "type": "field",
        "fieldId": "001440e1-0f5a-43d2-9f60-0971b01a1dd3",
        "children": [
          {
            "text": ""
          }
        ]
      },
      {
        "id": "3c412356-03ee-4169-b440-db50f929b569",
        "type": "p",
        "children": [
          {
            "text": "",
            "italic": true
          }
        ]
      },
      {
        "id": "b02af938-e8dc-4ddd-9c40-6c9a0289ead0",
        "type": "h3",
        "children": [
          {
            "text": "Conductivity "
          }
        ]
      },
      {
        "id": "8ab44316-1cc7-4700-bfce-35cc9916b3e5",
        "type": "p",
        "align": "justify",
        "children": [
          {
            "text": "Criteria: Conductivity should  be ± 10% of equilibration buffer. Read at 20 ± 2 °C.",
            "italic": true
          }
        ]
      },
      {
        "id": "9a1b9cc2-52f4-44c1-ae81-9e97d3932319",
        "type": "field",
        "fieldId": "92af81bb-0338-4e1a-b891-ac32a28edcae",
        "children": [
          {
            "text": ""
          }
        ]
      },
      {
        "id": "b07f6048-a955-4f6e-952c-0a8dd81b4fd8",
        "type": "field",
        "fieldId": "3c8a0e69-55da-4ac0-a9bb-3d7db1d91967",
        "children": [
          {
            "text": ""
          }
        ]
      },
      {
        "id": "7973dbda-ee39-40cb-acef-9889ec1e046b",
        "type": "p",
        "align": "justify",
        "children": [
          {
            "text": "",
            "italic": true
          }
        ]
      },
      {
        "id": "78260daa-26bf-44c2-94da-f620fcacb539",
        "type": "p",
        "align": "justify",
        "children": [
          {
            "text": "pH meter: EQ - Scanned into ELN (Tick) "
          }
        ]
      },
      {
        "id": "96664742-2c81-4583-bb07-46eb0aec35e0",
        "type": "p",
        "align": "justify",
        "children": [
          {
            "text": "Conductivity meter: EQ - Scanned into ELN (Tick) "
          }
        ]
      },
      {
        "id": "24f5f746-abb0-4e42-9dae-47035e4c616e",
        "type": "p",
        "align": "justify",
        "children": [
          {
            "text": "Temp probe: EQ - Scanned into ELN (Tick) "
          }
        ]
      },
      {
        "id": "903cb858-b9bf-41f8-b252-09eb08c5aa7f",
        "type": "p",
        "children": [
          {
            "text": "\n"
          }
        ]
      },
      {
        "id": "f55c6c2b-d343-4b58-b9ac-ee14310bd0d5",
        "type": "p",
        "align": "justify",
        "children": [
          {
            "text": "If the pH and conductivity is not in the range seek technical advice."
          }
        ]
      },
      {
        "id": "9ca4ed52-d50e-4034-8119-0cd8b4dd7f0d",
        "type": "p",
        "children": [
          {
            "bold": true,
            "text": "DO NOT CONTINUE THE METHOD "
          },
          {
            "text": "until the load line (S1) has been transferred into the Sartobind Q Load material."
          }
        ]
      }
    ]
  },
  "tableView": {
    "properties": [
      {
        "id": "fbd07cef-e28e-4278-841c-b4bca7dc755b",
        "type": "FIELD",
        "fieldId": "001440e1-0f5a-43d2-9f60-0971b01a1dd3"
      },
      {
        "id": "bb3d6aee-e486-47e2-83c6-3568f8b7ae02",
        "type": "FIELD",
        "fieldId": "bf73e58b-4179-458f-a454-00622547b196"
      },
      {
        "id": "c907c66e-e133-415f-baa6-5329ba82720f",
        "type": "FIELD",
        "fieldId": "3c8a0e69-55da-4ac0-a9bb-3d7db1d91967"
      },
      {
        "id": "b92bbe04-d286-4c6a-a462-2321ba4ceb0e",
        "type": "FIELD",
        "fieldId": "92af81bb-0338-4e1a-b891-ac32a28edcae"
      }
    ]
  }
}