{
  "schemaVersion": "1.0.0",
  "id": "5640e8fb-0298-41ba-b535-b77a3614aee3",
  "title": "AEX - Step 3",
  "status": "DRAFT",
  "version": null,
  "previousVersion": null,
  "assignees": [],
  "tags": [],
  "duplicatedFromEntity": null,
  "metadata": {
    "index": "0",
    "createdAt": "1970-01-01T00:00:00.000Z",
    "lastUpdatedAt": "1970-01-01T00:00:00.000Z",
    "createdByRoleId": "44444444-4444-4444-4444-444444444444",
    "lastUpdatedByRoleId": "44444444-4444-4444-4444-444444444444",
    "editors": []
  },
  "reviewConfig": null,
  "collections": null,
  "type": "STEP",
  "description": null,
  "recordReviewConfig": null,
  "recordCollections": null,
  "subType": "DATA",
  "recordConfig": {
    "allowMultiple": false,
    "fields": {
      "Electrode Slope (%)": {
        "id": "bfbf5c45-838f-4ee6-83a7-eb9e3936da7e",
        "type": "NUMBER",
        "value": null,
        "config": {},
        "dataType": "NUMBER"
      },
      "Assymetry potential (mV)": {
        "id": "ebbe2817-bf0f-4e88-aa2d-ad792110c0f5",
        "type": "NUMBER",
        "value": null,
        "config": {},
        "dataType": "NUMBER"
      }
    },
    "pageContent": [
      {
        "id": "6bf0dd8b-2f8d-4592-bf67-70526b4ae15f",
        "type": "p",
        "align": "justify",
        "children": [
          {
            "text": "Ensure the pH probe of the AKTA system is installed in the flow path and perform calibration using the following standards: "
          }
        ]
      },
      {
        "id": "f979f1cf-727e-45eb-8fca-3c931b58ce8d",
        "type": "p",
        "align": "justify",
        "children": [
          {
            "text": "Standard 1:"
          },
          {
            "bold": true,
            "text": " pH 7.00"
          }
        ]
      },
      {
        "id": "7ca35036-bd4f-4667-bae4-7400724e09fc",
        "type": "p",
        "align": "justify",
        "children": [
          {
            "text": "Standard 2: "
          },
          {
            "bold": true,
            "text": "pH 9.21"
          }
        ]
      },
      {
        "id": "dbc5acc3-60cd-4395-b067-e642849792f4",
        "type": "p",
        "children": [
          {
            "text": ""
          }
        ]
      },
      {
        "id": "1e80f7e9-b162-42d5-a354-7f1fc444831a",
        "type": "p",
        "align": "justify",
        "children": [
          {
            "text": "Record the following from the calibration: "
          }
        ]
      },
      {
        "id": "01e5db6f-c732-4afc-8506-54e2ff4c1587",
        "type": "field",
        "fieldId": "bfbf5c45-838f-4ee6-83a7-eb9e3936da7e",
        "children": [
          {
            "text": ""
          }
        ]
      },
      {
        "id": "e6b4041e-75f5-4fd5-84b8-eb62e2ce9bfa",
        "type": "field",
        "fieldId": "ebbe2817-bf0f-4e88-aa2d-ad792110c0f5",
        "children": [
          {
            "text": ""
          }
        ]
      },
      {
        "id": "44577066-de46-4d53-90d3-cc75aa082a49",
        "type": "p",
        "children": [
          {
            "text": ""
          }
        ]
      },
      {
        "id": "19c875d1-9f44-4185-86f5-933aefd2efbb",
        "type": "p",
        "align": "justify",
        "children": [
          {
            "text": "Acceptable limits – Slope > 80%, asymmetry potential +/- 60 mV. If calibration not within this range seek technical advice. "
          }
        ]
      },
      {
        "id": "b842d31e-82cc-445e-a98f-3e231c343030",
        "type": "p",
        "children": [
          {
            "text": ""
          }
        ]
      }
    ]
  },
  "tableView": {
    "properties": [
      {
        "id": "14d9747b-2094-44e7-b2b3-3ad56604a68b",
        "type": "FIELD",
        "fieldId": "bfbf5c45-838f-4ee6-83a7-eb9e3936da7e"
      },
      {
        "id": "86c521f2-60be-439b-bf38-9a0c34d73da6",
        "type": "FIELD",
        "fieldId": "ebbe2817-bf0f-4e88-aa2d-ad792110c0f5"
      }
    ]
  }
}