{
  "schemaVersion": "1.0.0",
  "id": "696cc241-7ebe-4e2b-a115-afc876f87d5e",
  "title": "AEX - Step 20",
  "status": "DRAFT",
  "version": null,
  "previousVersion": null,
  "assignees": [],
  "tags": [],
  "duplicatedFromEntity": null,
  "metadata": {
    "index": "0",
    "createdAt": "1970-01-01T00:00:00.000Z",
    "lastUpdatedAt": "1970-01-01T00:00:00.000Z",
    "createdByRoleId": "44444444-4444-4444-4444-444444444444",
    "lastUpdatedByRoleId": "44444444-4444-4444-4444-444444444444",
    "editors": []
  },
  "reviewConfig": null,
  "collections": null,
  "type": "STEP",
  "description": null,
  "recordReviewConfig": null,
  "recordCollections": null,
  "subType": "DATA",
  "recordConfig": {
    "allowMultiple": false,
    "fields": {},
    "pageContent": [
      {
        "id": "575e7171-379a-4d44-b17f-e716844bf2d8",
        "type": "p",
        "align": "justify",
        "children": [
          {
            "bold": true,
            "text": "Gently mix the flowthrough collection bottle and take samples as detailed in the sample plan. Freeze all the samples in the sample plan."
          }
        ]
      }
    ]
  },
  "tableView": {
    "properties": []
  }
}