{
  "schemaVersion": "1.0.0",
  "id": "6a2ca4e0-06d6-42e7-b165-d53072d27e27",
  "title": "AEX - Step 1",
  "status": "DRAFT",
  "version": null,
  "previousVersion": null,
  "assignees": [],
  "tags": [],
  "duplicatedFromEntity": null,
  "metadata": {
    "index": "0",
    "createdAt": "1970-01-01T00:00:00.000Z",
    "lastUpdatedAt": "1970-01-01T00:00:00.000Z",
    "createdByRoleId": "44444444-4444-4444-4444-444444444444",
    "lastUpdatedByRoleId": "44444444-4444-4444-4444-444444444444",
    "editors": []
  },
  "reviewConfig": null,
  "collections": null,
  "type": "STEP",
  "description": null,
  "recordReviewConfig": null,
  "recordCollections": null,
  "subType": "DATA",
  "recordConfig": {
    "allowMultiple": false,
    "fields": {},
    "pageContent": [
      {
        "id": "001c6338-748a-466a-915d-535486692644",
        "type": "p",
        "align": "justify",
        "children": [
          {
            "bold": true,
            "text": "Note AKTA set up and running method to equilibration can be performed concurrently with thawing of the Sartobind Q Load."
          }
        ]
      },
      {
        "id": "255932c5-1e49-4b7a-8ce9-991b26d149b0",
        "type": "p",
        "children": [
          {
            "text": "\n"
          }
        ]
      },
      {
        "id": "5cbf6f4e-bdd4-4a5a-bd32-9107678d34d3",
        "type": "p",
        "align": "justify",
        "children": [
          {
            "text": "Obtain a Sartobind Q Nano membrane device (Sartorius Product Number 96IEXQ42DN-11). Record the following details."
          }
        ]
      },
      {
        "id": "44c3d6e5-c2da-4f1b-ba16-8b2ef1055b05",
        "type": "p",
        "children": [
          {
            "text": "\nELN Reference: MA - Scanned into ELN (Tick) "
          }
        ]
      }
    ]
  },
  "tableView": {
    "properties": []
  }
}