{
  "schemaVersion": "1.0.0",
  "id": "7cc4f5bb-0feb-4d63-9bd8-bdea746c3d7a",
  "title": "AEX - Step 5",
  "status": "DRAFT",
  "version": null,
  "previousVersion": null,
  "assignees": [],
  "tags": [],
  "duplicatedFromEntity": null,
  "metadata": {
    "index": "0",
    "createdAt": "1970-01-01T00:00:00.000Z",
    "lastUpdatedAt": "1970-01-01T00:00:00.000Z",
    "createdByRoleId": "44444444-4444-4444-4444-444444444444",
    "lastUpdatedByRoleId": "44444444-4444-4444-4444-444444444444",
    "editors": []
  },
  "reviewConfig": null,
  "collections": null,
  "type": "STEP",
  "description": null,
  "recordReviewConfig": null,
  "recordCollections": null,
  "subType": "DATA",
  "recordConfig": {
    "allowMultiple": false,
    "fields": {
      "Outlets 1 and 2 flushed in Equilibration buffer": {
        "id": "64ee4e80-098e-422c-acc3-733ede919dae",
        "type": "SELECT",
        "value": null,
        "config": {
          "allowMultiple": false,
          "selectOptions": [
            "Yes",
            "No"
          ]
        },
        "dataType": "SELECT"
      }
    },
    "pageContent": [
      {
        "id": "536c927c-c4f3-4976-871b-c9a7a938d5ca",
        "type": "p",
        "align": "justify",
        "children": [
          {
            "text": "Prior to setting up outlet bottles, the outlet lines (1 and 2) need to be flushed in Equilibration buffer. "
          }
        ]
      },
      {
        "id": "cd510055-40b4-4909-ba19-2167f9571e4a",
        "type": "p",
        "children": [
          {
            "text": ""
          }
        ]
      },
      {
        "id": "b655c3f5-c5d9-4720-b254-5218934ef054",
        "type": "field",
        "fieldId": "64ee4e80-098e-422c-acc3-733ede919dae",
        "children": [
          {
            "text": ""
          }
        ]
      }
    ]
  },
  "tableView": {
    "properties": [
      {
        "id": "3ecc03a5-f3ba-4cf4-ba54-73b46ed9bcb6",
        "type": "FIELD",
        "fieldId": "64ee4e80-098e-422c-acc3-733ede919dae"
      }
    ]
  }
}