{
  "schemaVersion": "1.0.0",
  "id": "8fb7c403-41e7-4166-b8b0-c597d7b648df",
  "title": "AEX - Step 21",
  "status": "DRAFT",
  "version": null,
  "previousVersion": null,
  "assignees": [],
  "tags": [],
  "duplicatedFromEntity": null,
  "metadata": {
    "index": "0",
    "createdAt": "1970-01-01T00:00:00.000Z",
    "lastUpdatedAt": "1970-01-01T00:00:00.000Z",
    "createdByRoleId": "44444444-4444-4444-4444-444444444444",
    "lastUpdatedByRoleId": "44444444-4444-4444-4444-444444444444",
    "editors": []
  },
  "reviewConfig": null,
  "collections": null,
  "type": "STEP",
  "description": null,
  "recordReviewConfig": null,
  "recordCollections": null,
  "subType": "DATA",
  "recordConfig": {
    "allowMultiple": false,
    "fields": {
      "Sartobind Q Flowthrough pH": {
        "id": "68393eeb-38d2-410c-b8f0-c2bb91c76e3b",
        "type": "NUMBER",
        "value": null,
        "config": {},
        "dataType": "NUMBER"
      },
      "Sartobind Q Flowthrough Conductivity mS/cm": {
        "id": "f20a1c65-b124-4159-9381-b603db6660bd",
        "type": "NUMBER",
        "value": null,
        "config": {},
        "dataType": "NUMBER"
      },
      "Sartobind Q Flowthrough pH Temperature °C": {
        "id": "d2450763-aa4c-4fce-9d51-a53083ced8f0",
        "type": "NUMBER",
        "value": null,
        "config": {},
        "dataType": "NUMBER"
      },
      "Sartobind Q Flowthrough Conductivity Temperature °C": {
        "id": "2c67e445-fe72-4fd0-badb-a7f77734d040",
        "type": "NUMBER",
        "value": null,
        "config": {},
        "dataType": "NUMBER"
      }
    },
    "pageContent": [
      {
        "id": "4376572b-7b02-4853-92e7-80bc52ee3650",
        "type": "p",
        "align": "justify",
        "children": [
          {
            "text": "Take a sample of the Sartobind Q Flowthrough material and measure pH (at 20 ± 2°C) and conductivity (at 20 ± 2°C). Ensure meter is calibrated on day of use."
          }
        ]
      },
      {
        "id": "1cdc5887-8fbb-4c21-8a34-4774a3517737",
        "type": "p",
        "children": [
          {
            "text": ""
          }
        ]
      },
      {
        "id": "71a52a34-0d57-4479-8e08-5c94ab986a69",
        "type": "field",
        "fieldId": "68393eeb-38d2-410c-b8f0-c2bb91c76e3b",
        "children": [
          {
            "text": ""
          }
        ]
      },
      {
        "id": "2a8d8979-e0d6-4adb-88f7-0aa10ff051ea",
        "type": "field",
        "fieldId": "d2450763-aa4c-4fce-9d51-a53083ced8f0",
        "children": [
          {
            "text": ""
          }
        ]
      },
      {
        "id": "c9773c88-56e7-4068-b230-8fdc7305c352",
        "type": "field",
        "fieldId": "f20a1c65-b124-4159-9381-b603db6660bd",
        "children": [
          {
            "text": ""
          }
        ]
      },
      {
        "id": "c4486b55-d6e2-4c00-83d0-cf89ca4d797f",
        "type": "field",
        "fieldId": "2c67e445-fe72-4fd0-badb-a7f77734d040",
        "children": [
          {
            "text": ""
          }
        ]
      },
      {
        "id": "5fcdacfe-a05a-42a0-9e08-4705baa398f6",
        "type": "p",
        "children": [
          {
            "text": ""
          }
        ]
      },
      {
        "id": "47a8f5be-cfad-4b38-91e4-2b7599734a64",
        "type": "p",
        "align": "justify",
        "children": [
          {
            "text": "pH meter: EQ - Scanned into ELN (Tick) "
          }
        ]
      },
      {
        "id": "6aed2233-fa2b-41af-9ca7-5e71cdbadf92",
        "type": "p",
        "align": "justify",
        "children": [
          {
            "text": "Conductivity meter: EQ - Scanned into ELN (Tick) "
          }
        ]
      },
      {
        "id": "001ca4f9-82c7-4bdb-9f38-411d87f657de",
        "type": "p",
        "children": [
          {
            "text": "Temp probe: EQ - Scanned into ELN (Tick) "
          }
        ]
      }
    ]
  },
  "tableView": {
    "properties": [
      {
        "id": "aa4803a9-36f9-43d6-9403-f532605f0e8d",
        "type": "FIELD",
        "fieldId": "d2450763-aa4c-4fce-9d51-a53083ced8f0"
      },
      {
        "id": "40c25a39-3f91-4728-9fb6-2efc940ee375",
        "type": "FIELD",
        "fieldId": "68393eeb-38d2-410c-b8f0-c2bb91c76e3b"
      },
      {
        "id": "685b723d-e856-4002-8848-b6bb93c7b691",
        "type": "FIELD",
        "fieldId": "2c67e445-fe72-4fd0-badb-a7f77734d040"
      },
      {
        "id": "801878d2-8ed7-4210-9065-e698e9f6b447",
        "type": "FIELD",
        "fieldId": "f20a1c65-b124-4159-9381-b603db6660bd"
      }
    ]
  }
}