{
  "schemaVersion": "1.0.0",
  "id": "a0a236c1-b8db-4fe0-9aaa-5658d483b004",
  "title": "AEX - Step 18",
  "status": "DRAFT",
  "version": null,
  "previousVersion": null,
  "assignees": [],
  "tags": [],
  "duplicatedFromEntity": null,
  "metadata": {
    "index": "0",
    "createdAt": "1970-01-01T00:00:00.000Z",
    "lastUpdatedAt": "1970-01-01T00:00:00.000Z",
    "createdByRoleId": "44444444-4444-4444-4444-444444444444",
    "lastUpdatedByRoleId": "44444444-4444-4444-4444-444444444444",
    "editors": []
  },
  "reviewConfig": null,
  "collections": null,
  "type": "STEP",
  "description": null,
  "recordReviewConfig": null,
  "recordCollections": null,
  "subType": "DATA",
  "recordConfig": {
    "allowMultiple": false,
    "fields": {},
    "pageContent": [
      {
        "id": "99f03056-6a25-4bdc-885c-149b4143bf5d",
        "type": "p",
        "align": "justify",
        "children": [
          {
            "text": "The Sartobind Q Flow-through will be collected automatically through outlet 2 when A"
          },
          {
            "text": "280",
            "subscript": true
          },
          {
            "text": " absorbance reaches 0.1 AU/cm (or 20 mAU for the AKTA Avant/Pure 25)."
          }
        ]
      },
      {
        "id": "4b02145e-373f-4ff2-b3aa-6918396606b2",
        "type": "p",
        "children": [
          {
            "text": "\nThe Flowthrough collection will automatically stop once the A"
          },
          {
            "text": "280",
            "subscript": true
          },
          {
            "text": " absorbance reaches below 0.1 AU/cm (or 20 mAU for the AKTA Avant/Pure 25)."
          }
        ]
      }
    ]
  },
  "tableView": {
    "properties": []
  }
}