{
  "schemaVersion": "1.0.0",
  "id": "a441fdca-1bd9-46ef-bd63-036b3505ace5",
  "title": "AEX - Step 13",
  "status": "DRAFT",
  "version": null,
  "previousVersion": null,
  "assignees": [],
  "tags": [],
  "duplicatedFromEntity": null,
  "metadata": {
    "index": "0",
    "createdAt": "1970-01-01T00:00:00.000Z",
    "lastUpdatedAt": "1970-01-01T00:00:00.000Z",
    "createdByRoleId": "44444444-4444-4444-4444-444444444444",
    "lastUpdatedByRoleId": "44444444-4444-4444-4444-444444444444",
    "editors": []
  },
  "reviewConfig": null,
  "collections": null,
  "type": "STEP",
  "description": null,
  "recordReviewConfig": null,
  "recordCollections": null,
  "subType": "DATA",
  "recordConfig": {
    "allowMultiple": false,
    "fields": {},
    "pageContent": [
      {
        "id": "9a06956a-37bf-43ee-9d56-6c2e2ef8dd99",
        "type": "p",
        "children": [
          {
            "text": "Sample the Sartobind Q Load according to the same plan. "
          }
        ]
      }
    ]
  },
  "tableView": {
    "properties": []
  }
}