{
  "schemaVersion": "1.0.0",
  "id": "b37a0562-5fae-4e82-a84d-7ce8e65f3363",
  "title": "AEX - Step 6",
  "status": "DRAFT",
  "version": null,
  "previousVersion": null,
  "assignees": [],
  "tags": [],
  "duplicatedFromEntity": null,
  "metadata": {
    "index": "0",
    "createdAt": "1970-01-01T00:00:00.000Z",
    "lastUpdatedAt": "1970-01-01T00:00:00.000Z",
    "createdByRoleId": "44444444-4444-4444-4444-444444444444",
    "lastUpdatedByRoleId": "44444444-4444-4444-4444-444444444444",
    "editors": []
  },
  "reviewConfig": null,
  "collections": null,
  "type": "STEP",
  "description": null,
  "recordReviewConfig": null,
  "recordCollections": null,
  "subType": "DATA",
  "recordConfig": {
    "allowMultiple": false,
    "fields": {
      "Empty weight of flowthrough collection vessel (A)": {
        "id": "dedff25b-75c1-4953-9d1f-650e734957b1",
        "type": "NUMBER",
        "value": null,
        "config": {},
        "dataType": "NUMBER"
      }
    },
    "pageContent": [
      {
        "id": "0949eb9f-e6bb-4e89-a4e0-596256edbb5e",
        "type": "p",
        "align": "justify",
        "children": [
          {
            "text": "Record the empty weight of the vessel to be used for collection of the product flowthrough. Ensure the vessel is labelled and the weight is recorded with the lid on. "
          }
        ]
      },
      {
        "id": "20907346-0c2f-4832-8f46-5bad96bb7b93",
        "type": "p",
        "children": [
          {
            "text": ""
          }
        ]
      },
      {
        "id": "94bf1dca-4e18-4db8-a6a8-7d02d018d913",
        "type": "field",
        "fieldId": "dedff25b-75c1-4953-9d1f-650e734957b1",
        "children": [
          {
            "text": ""
          }
        ]
      },
      {
        "id": "546d5a25-8eaf-45b2-aa3d-25af08db75e9",
        "type": "p",
        "children": [
          {
            "text": "Balance: EQ - Scanned into ELN (Tick) "
          }
        ]
      }
    ]
  },
  "tableView": {
    "properties": [
      {
        "id": "100b92fe-da42-4bbb-bd0f-4c5e2ce3e349",
        "type": "FIELD",
        "fieldId": "dedff25b-75c1-4953-9d1f-650e734957b1"
      }
    ]
  }
}