{
  "schemaVersion": "1.0.0",
  "id": "b448ce4f-133f-4340-8b8d-259607b1f7d5",
  "title": "Sartobind Q Nano AEX Chromatography method",
  "status": "DRAFT",
  "version": null,
  "previousVersion": null,
  "assignees": [],
  "tags": [],
  "duplicatedFromEntity": null,
  "metadata": {
    "index": "0",
    "createdAt": "1970-01-01T00:00:00.000Z",
    "lastUpdatedAt": "1970-01-01T00:00:00.000Z",
    "createdByRoleId": "44444444-4444-4444-4444-444444444444",
    "lastUpdatedByRoleId": "44444444-4444-4444-4444-444444444444",
    "editors": []
  },
  "reviewConfig": null,
  "collections": null,
  "type": "STEP",
  "description": null,
  "recordReviewConfig": null,
  "recordCollections": null,
  "subType": "DATA",
  "recordConfig": {
    "allowMultiple": false,
    "fields": {
      "Experiment ID": {
        "id": "2f2e5fd5-5989-4e91-99f2-703fa0d7cad0",
        "type": "STRING",
        "value": null,
        "config": {},
        "dataType": "STRING"
      }
    },
    "pageContent": [
      {
        "id": "26531834-062c-4802-b0eb-079fa288bc4d",
        "type": "field",
        "fieldId": "2f2e5fd5-5989-4e91-99f2-703fa0d7cad0",
        "children": [
          {
            "text": ""
          }
        ]
      },
      {
        "id": "289cebd0-2e33-4b0e-916a-a13286835c94",
        "type": "p",
        "children": [
          {
            "text": ""
          }
        ]
      },
      {
        "id": "1c72f365-026e-4fa6-adcb-a6a5377f18cf",
        "type": "p",
        "align": "justify",
        "children": [
          {
            "text": "Membrane dimensions - 1 mL Membrane Volume, 36 cm"
          },
          {
            "text": "2",
            "superscript": true
          },
          {
            "text": " area."
          }
        ]
      },
      {
        "id": "a2446c55-6f26-4133-97b9-4123c83c3488",
        "type": "table",
        "children": [
          {
            "id": "232a2ad2-8d71-4603-95ef-a058be22f1de",
            "type": "tr",
            "children": [
              {
                "id": "20aa4399-27fe-4300-afb2-110ce00e64d6",
                "type": "td",
                "children": [
                  {
                    "id": "565da844-0d34-4efd-9c99-b46d1c0886c3",
                    "type": "p",
                    "align": "center",
                    "children": [
                      {
                        "bold": true,
                        "text": "Step"
                      }
                    ]
                  }
                ]
              },
              {
                "id": "318e2902-0b36-4aca-8e11-ff8331b44615",
                "type": "td",
                "children": [
                  {
                    "id": "f9cf9831-9ac7-4279-8559-b0017f02c2e6",
                    "type": "p",
                    "align": "center",
                    "children": [
                      {
                        "bold": true,
                        "text": "Buffer "
                      }
                    ]
                  }
                ]
              },
              {
                "id": "80af0a80-8e5e-4f1e-95de-bb8ad8e23de8",
                "type": "td",
                "children": [
                  {
                    "id": "b8ffebb2-9c25-4136-850f-96e8ca8f96d1",
                    "type": "p",
                    "align": "center",
                    "children": [
                      {
                        "bold": true,
                        "text": "Volume (MV)"
                      }
                    ]
                  }
                ]
              },
              {
                "id": "eca615f2-ffb5-4deb-86d9-a52056c728a0",
                "type": "td",
                "children": [
                  {
                    "id": "c0b292d6-ec6d-462d-887f-a88129e02700",
                    "type": "p",
                    "align": "center",
                    "children": [
                      {
                        "bold": true,
                        "text": "Linear Flow (MV/min)"
                      }
                    ]
                  }
                ]
              },
              {
                "id": "0360f660-9853-48e3-98fc-31edc771d066",
                "type": "td",
                "children": [
                  {
                    "id": "cd13aae8-1090-4429-9402-1964dc662254",
                    "type": "p",
                    "align": "center",
                    "children": [
                      {
                        "bold": true,
                        "text": "Volumetric Flow Rate (mL/min)"
                      }
                    ]
                  }
                ]
              },
              {
                "id": "39896823-d37d-4908-8a0a-feeae8e5abfd",
                "type": "td",
                "children": [
                  {
                    "id": "d7a41d5d-63f2-47c7-b408-e119799393b2",
                    "type": "p",
                    "align": "center",
                    "children": [
                      {
                        "bold": true,
                        "text": "Comments / In process samples"
                      }
                    ]
                  }
                ]
              }
            ]
          },
          {
            "id": "0ec075ca-bd3f-4793-a65c-a2f13255b7dd",
            "type": "tr",
            "children": [
              {
                "id": "93b64f2b-5944-4dc4-bbb8-6317113ad74c",
                "type": "td",
                "children": [
                  {
                    "id": "824f672c-1a7a-4be1-9c1d-6a4ca3482269",
                    "type": "p",
                    "align": "center",
                    "children": [
                      {
                        "text": "Sanitisation "
                      }
                    ]
                  }
                ]
              },
              {
                "id": "6d2f0840-c258-42c9-92db-6e5b5aaddf5d",
                "type": "td",
                "children": [
                  {
                    "id": "52992cc6-75a9-45b7-80cc-38e38d0a42cd",
                    "type": "p",
                    "align": "center",
                    "children": [
                      {
                        "text": "0.5 M Sodium Hydroxide"
                      }
                    ]
                  }
                ]
              },
              {
                "id": "68c68fcd-a89c-4d79-857b-587e77781166",
                "type": "td",
                "children": [
                  {
                    "id": "0ba91a11-5a96-4ef0-a9ce-36be7f000475",
                    "type": "p",
                    "align": "center",
                    "children": [
                      {
                        "text": "60"
                      }
                    ]
                  }
                ]
              },
              {
                "id": "9ce45e4a-7e00-42c1-98e9-fe325d798c2c",
                "type": "td",
                "children": [
                  {
                    "id": "a452e0cd-67f0-4a6d-ad64-a0c4e585d8e6",
                    "type": "p",
                    "align": "center",
                    "children": [
                      {
                        "text": "1.0"
                      }
                    ]
                  }
                ]
              },
              {
                "id": "d786f8ff-4cd9-4ee6-a366-1f45ab3fa125",
                "type": "td",
                "children": [
                  {
                    "id": "08c6933f-f47d-418e-8936-dbc5d265def3",
                    "type": "p",
                    "align": "center",
                    "children": [
                      {
                        "text": "1"
                      }
                    ]
                  }
                ]
              },
              {
                "id": "9d9e0396-e0d9-4646-9597-5ef5b6dd7e6e",
                "type": "td",
                "children": [
                  {
                    "id": "a0cdfd45-e96f-4459-a687-4c6910fb1138",
                    "type": "p",
                    "children": [
                      {
                        "text": "\n"
                      }
                    ]
                  }
                ]
              }
            ]
          },
          {
            "id": "11e337b4-cb01-4e77-8981-c2419ffeafe8",
            "type": "tr",
            "children": [
              {
                "id": "8df1a2a4-73bc-4fd2-b25a-c7015a61cf14",
                "type": "td",
                "children": [
                  {
                    "id": "7c05cfa9-eacb-4905-bc13-c661cb9dbae4",
                    "type": "p",
                    "align": "center",
                    "children": [
                      {
                        "text": "Equilibration"
                      }
                    ]
                  }
                ]
              },
              {
                "id": "06e84ac6-65ee-481e-bddb-7d678e2fa9ca",
                "type": "td",
                "children": [
                  {
                    "id": "1885b169-396b-4a3c-8c62-3cc01215f7b0",
                    "type": "p",
                    "align": "center",
                    "children": [
                      {
                        "text": "20 mM Tris Acetate, pH 7.3"
                      }
                    ]
                  }
                ]
              },
              {
                "id": "e08ad8de-14c0-4ed2-bcc4-890ae83dd9c8",
                "type": "td",
                "children": [
                  {
                    "id": "36c5cf1d-0ba0-4eed-8e60-e4e3ed4d0804",
                    "type": "p",
                    "align": "center",
                    "children": [
                      {
                        "text": "100"
                      }
                    ]
                  }
                ]
              },
              {
                "id": "16b09993-f1b4-47d7-b2f9-de2b6e5ca5f5",
                "type": "td",
                "children": [
                  {
                    "id": "74d8b406-a460-4375-a993-7caff218bed1",
                    "type": "p",
                    "align": "center",
                    "children": [
                      {
                        "text": "10.0"
                      }
                    ]
                  }
                ]
              },
              {
                "id": "44323ae4-a3d8-44f1-a9ae-c038aba148ce",
                "type": "td",
                "children": [
                  {
                    "id": "3adbc986-0608-4db6-9eae-11f234668522",
                    "type": "p",
                    "align": "center",
                    "children": [
                      {
                        "text": "10"
                      }
                    ]
                  }
                ]
              },
              {
                "id": "9d8a049d-a340-4502-99a1-ada6a4925d63",
                "type": "td",
                "children": [
                  {
                    "id": "a84439d5-b353-484a-8c2e-57e2b5b8230b",
                    "type": "p",
                    "align": "center",
                    "children": [
                      {
                        "text": "Offline check of the effluent to ensure it is within ± 0.1 pH units and conductivity ± 10% of equilibration buffer. "
                      }
                    ]
                  }
                ]
              }
            ]
          },
          {
            "id": "16bb6a5e-b8ae-41b2-94b1-2220b5d3f1f6",
            "type": "tr",
            "children": [
              {
                "id": "bf2cd832-c03c-4e4b-a5c9-4b24c2cf6f4b",
                "type": "td",
                "children": [
                  {
                    "id": "ca9412f9-f387-46cd-8619-01627a861228",
                    "type": "p",
                    "align": "center",
                    "children": [
                      {
                        "text": "Load"
                      }
                    ]
                  }
                ]
              },
              {
                "id": "7736b1f9-07fe-4b77-b3ab-f88acb9d46ee",
                "type": "td",
                "children": [
                  {
                    "id": "89996e6e-830c-4362-935b-abe624655c9b",
                    "type": "p",
                    "align": "center",
                    "children": [
                      {
                        "text": "Sartobind Q Load"
                      }
                    ]
                  }
                ]
              },
              {
                "id": "277ea828-6910-4f50-b0f2-14ad86a05449",
                "type": "td",
                "children": [
                  {
                    "id": "088f5fbe-4eb9-4a0a-9167-c5f57289702e",
                    "type": "p",
                    "align": "center",
                    "children": [
                      {
                        "text": "388.5 mL "
                      }
                    ]
                  }
                ]
              },
              {
                "id": "2d415378-1ad6-4fb6-9228-4bebbd66ecae",
                "type": "td",
                "children": [
                  {
                    "id": "c610602f-d50c-4a4c-ac7f-d6c9e6adf419",
                    "type": "p",
                    "align": "center",
                    "children": [
                      {
                        "text": "10.0"
                      }
                    ]
                  }
                ]
              },
              {
                "id": "5c234482-a65f-468a-933e-6a26b4718811",
                "type": "td",
                "children": [
                  {
                    "id": "31621b68-ffc3-4c47-b10a-06e0373810a2",
                    "type": "p",
                    "align": "center",
                    "children": [
                      {
                        "text": "10"
                      }
                    ]
                  }
                ]
              },
              {
                "id": "56619057-26e4-4274-979b-23cc91a5419b",
                "type": "td",
                "children": [
                  {
                    "id": "149254a4-b833-49e4-9cbb-50d97cc81d4c",
                    "type": "p",
                    "align": "center",
                    "children": [
                      {
                        "bold": true,
                        "text": "Note method should contain an automated S1 prime with 20 ml of load"
                      },
                      {
                        "text": " (line pre-primed with equilibration buffer)"
                      }
                    ]
                  },
                  {
                    "id": "cebe991d-d9b6-4ef8-8acc-8ce21d5e3dda",
                    "type": "p",
                    "align": "center",
                    "children": [
                      {
                        "text": "Collection started once absorbance (A"
                      },
                      {
                        "text": "280",
                        "subscript": true
                      },
                      {
                        "text": ") reaches 0.1 AU/cm = 20 mAU for a 2 mm flow path."
                      }
                    ]
                  }
                ]
              }
            ]
          },
          {
            "id": "6105cc34-33f8-4287-857b-32ddee1b5195",
            "type": "tr",
            "children": [
              {
                "id": "28a370f9-5fb7-49d0-b996-ae1fde474f98",
                "type": "td",
                "children": [
                  {
                    "id": "f3b1352c-74eb-405f-883e-763244bd643d",
                    "type": "p",
                    "align": "center",
                    "children": [
                      {
                        "text": "Wash"
                      }
                    ]
                  }
                ]
              },
              {
                "id": "bd7444ec-d42a-4d97-a6e3-1821a2f1341a",
                "type": "td",
                "children": [
                  {
                    "id": "6ff97da9-f767-4f01-b68f-ab35bdc81383",
                    "type": "p",
                    "align": "center",
                    "children": [
                      {
                        "text": "20 mM Tris Acetate, pH 7.3"
                      }
                    ]
                  }
                ]
              },
              {
                "id": "44a70f5f-d029-4667-b22b-9eabdd7eb1cb",
                "type": "td",
                "children": [
                  {
                    "id": "98f3fe2d-11de-4214-b9ab-07a0704453fc",
                    "type": "p",
                    "align": "center",
                    "children": [
                      {
                        "text": "Up to 100 "
                      }
                    ]
                  }
                ]
              },
              {
                "id": "abd42082-7214-4206-aac5-07ae9357af6b",
                "type": "td",
                "children": [
                  {
                    "id": "d7f06bcd-2025-4b4c-9a04-8deac94148ce",
                    "type": "p",
                    "align": "center",
                    "children": [
                      {
                        "text": "10.0"
                      }
                    ]
                  }
                ]
              },
              {
                "id": "e03ab715-82fc-430c-92b5-edbab3feaebe",
                "type": "td",
                "children": [
                  {
                    "id": "6b3beed6-bf38-47ab-a120-681249585d45",
                    "type": "p",
                    "align": "center",
                    "children": [
                      {
                        "text": "10"
                      }
                    ]
                  }
                ]
              },
              {
                "id": "22d9c62f-7e78-4e5b-af14-1d144ff05c70",
                "type": "td",
                "children": [
                  {
                    "id": "8ac3ac09-0afa-4340-a9c9-1ed438baaa26",
                    "type": "p",
                    "align": "center",
                    "children": [
                      {
                        "text": "Collection ends once absorbance (A"
                      },
                      {
                        "text": "280",
                        "subscript": true
                      },
                      {
                        "text": ") reaches 0.1 Au/cm = 20 mAU for a 2 mm flow path"
                      }
                    ]
                  }
                ]
              }
            ]
          }
        ]
      }
    ]
  },
  "tableView": {
    "properties": [
      {
        "id": "15392735-908e-4cc5-aac6-9c330b902c4a",
        "type": "FIELD",
        "fieldId": "2f2e5fd5-5989-4e91-99f2-703fa0d7cad0"
      }
    ]
  }
}