{
  "schemaVersion": "1.0.0",
  "id": "cf4932d5-8b32-4351-b8b8-439c6f89bb8c",
  "title": "AEX - Step 14",
  "status": "DRAFT",
  "version": null,
  "previousVersion": null,
  "assignees": [],
  "tags": [],
  "duplicatedFromEntity": null,
  "metadata": {
    "index": "0",
    "createdAt": "1970-01-01T00:00:00.000Z",
    "lastUpdatedAt": "1970-01-01T00:00:00.000Z",
    "createdByRoleId": "44444444-4444-4444-4444-444444444444",
    "lastUpdatedByRoleId": "44444444-4444-4444-4444-444444444444",
    "editors": []
  },
  "reviewConfig": null,
  "collections": null,
  "type": "STEP",
  "description": null,
  "recordReviewConfig": null,
  "recordCollections": null,
  "subType": "DATA",
  "recordConfig": {
    "allowMultiple": false,
    "fields": {
      "Sartobind Q Load pH": {
        "id": "8bbbfaa7-aef2-48fc-98eb-2836a865e443",
        "type": "NUMBER",
        "value": null,
        "config": {},
        "dataType": "NUMBER"
      },
      "Sartobind Q Load Conductivity mS/cm": {
        "id": "314e16b7-3612-4342-9fb4-8397ec64941a",
        "type": "NUMBER",
        "value": null,
        "config": {},
        "dataType": "NUMBER"
      },
      "Sartobind Q Load pH Temperature °C": {
        "id": "3e4383a0-325a-455d-b083-883482ea34f5",
        "type": "NUMBER",
        "value": null,
        "config": {},
        "dataType": "NUMBER"
      },
      "Sartobind Q Load Conductivity Temperature °C": {
        "id": "4882cb8e-4d20-424b-a21d-820466b1f86e",
        "type": "NUMBER",
        "value": null,
        "config": {},
        "dataType": "NUMBER"
      }
    },
    "pageContent": [
      {
        "id": "e55b998d-ad7c-479e-9277-879e32d1fff5",
        "type": "p",
        "align": "justify",
        "children": [
          {
            "text": "Measure pH at 20 ± 2°C and conductivity at 20 ± 2°C of a sample of the thawed material. Ensure meter is calibrated on day of use. "
          }
        ]
      },
      {
        "id": "da80507e-9474-4c6b-afb7-30e208695bae",
        "type": "p",
        "align": "justify",
        "children": [
          {
            "bold": true,
            "text": "Expected pH and conductivity are 7.3 ± 0.1 and <8.0 mS/cm (@ 20 ± 2°C)"
          },
          {
            "text": "."
          }
        ]
      },
      {
        "id": "53836f2a-9763-427a-9fd7-9b575da7da47",
        "type": "p",
        "children": [
          {
            "text": ""
          }
        ]
      },
      {
        "id": "7ee2d91a-86cd-4d2d-8b07-c9c16eba7882",
        "type": "field",
        "fieldId": "8bbbfaa7-aef2-48fc-98eb-2836a865e443",
        "children": [
          {
            "text": ""
          }
        ]
      },
      {
        "id": "3ceec69c-9dd6-4c78-b7a0-a9111bd9b8d4",
        "type": "field",
        "fieldId": "3e4383a0-325a-455d-b083-883482ea34f5",
        "children": [
          {
            "text": ""
          }
        ]
      },
      {
        "id": "2ce88c1e-3eaf-4f8e-9332-b75516459f2c",
        "type": "field",
        "fieldId": "314e16b7-3612-4342-9fb4-8397ec64941a",
        "children": [
          {
            "text": ""
          }
        ]
      },
      {
        "id": "5d4a448a-b97c-4bdf-9291-663f860e07db",
        "type": "field",
        "fieldId": "4882cb8e-4d20-424b-a21d-820466b1f86e",
        "children": [
          {
            "text": ""
          }
        ]
      },
      {
        "id": "ba05ec80-6867-4457-b2d8-09af66d12a4c",
        "type": "p",
        "children": [
          {
            "text": ""
          }
        ]
      },
      {
        "id": "ad2a8403-6cc8-47da-a471-f340076ec548",
        "type": "p",
        "align": "justify",
        "children": [
          {
            "text": "pH meter: EQ - Scanned into ELN (Tick) "
          }
        ]
      },
      {
        "id": "f274405b-97fc-422c-b69d-92912cd6c9f5",
        "type": "p",
        "align": "justify",
        "children": [
          {
            "text": "Conductivity meter: EQ - Scanned into ELN (Tick) "
          }
        ]
      },
      {
        "id": "3dc9af75-d7d7-4406-901a-805734a9a173",
        "type": "p",
        "align": "justify",
        "children": [
          {
            "text": "Temp probe: EQ - Scanned into ELN (Tick) "
          }
        ]
      },
      {
        "id": "42072bf2-48c4-4cdf-a9df-b8248b091bf7",
        "type": "p",
        "children": [
          {
            "text": "\n"
          }
        ]
      },
      {
        "id": "385e56b0-f4f4-4922-9ed2-a0065d8e1ef0",
        "type": "h3",
        "align": "justify",
        "children": [
          {
            "bold": true,
            "text": "If outside of the expected pH and conductivity seek technical advice before proceeding"
          }
        ]
      }
    ]
  },
  "tableView": {
    "properties": [
      {
        "id": "c15d2dde-bb75-49e5-9dc9-307f28c4b51f",
        "type": "FIELD",
        "fieldId": "3e4383a0-325a-455d-b083-883482ea34f5"
      },
      {
        "id": "fb66aa05-53e3-43c3-892b-56bb7e4f825e",
        "type": "FIELD",
        "fieldId": "8bbbfaa7-aef2-48fc-98eb-2836a865e443"
      },
      {
        "id": "d33354f2-3068-4bac-a7bf-13d2b77c0a98",
        "type": "FIELD",
        "fieldId": "4882cb8e-4d20-424b-a21d-820466b1f86e"
      },
      {
        "id": "d4184f05-3e01-4eee-8af6-194040281203",
        "type": "FIELD",
        "fieldId": "314e16b7-3612-4342-9fb4-8397ec64941a"
      }
    ]
  }
}