{
  "schemaVersion": "1.0.0",
  "id": "e81e2540-8a8a-4b00-b9c2-3f9ea3bd72a6",
  "title": "AEX - Step 24",
  "status": "DRAFT",
  "version": null,
  "previousVersion": null,
  "assignees": [],
  "tags": [],
  "duplicatedFromEntity": null,
  "metadata": {
    "index": "0",
    "createdAt": "1970-01-01T00:00:00.000Z",
    "lastUpdatedAt": "1970-01-01T00:00:00.000Z",
    "createdByRoleId": "44444444-4444-4444-4444-444444444444",
    "lastUpdatedByRoleId": "44444444-4444-4444-4444-444444444444",
    "editors": []
  },
  "reviewConfig": null,
  "collections": null,
  "type": "STEP",
  "description": null,
  "recordReviewConfig": null,
  "recordCollections": null,
  "subType": "DATA",
  "recordConfig": {
    "allowMultiple": false,
    "fields": {},
    "pageContent": [
      {
        "id": "ec558e6d-e262-4533-aeeb-67c25cd5e47b",
        "type": "p",
        "align": "justify",
        "children": [
          {
            "text": "Freeze samples in project freezer at <-65°C. "
          }
        ]
      },
      {
        "id": "ed7c9c1b-f826-458a-8a6c-56a6ede30989",
        "type": "p",
        "align": "justify",
        "children": [
          {
            "text": "Freezer ELN Reference: EQ  - Scanned into ELN (Tick) "
          }
        ]
      }
    ]
  },
  "tableView": {
    "properties": []
  }
}