{
  "schemaVersion": "1.0.0",
  "id": "f3093788-321e-4d9b-b895-d79e4176f7b0",
  "title": "AEX - Step 10",
  "status": "DRAFT",
  "version": null,
  "previousVersion": null,
  "assignees": [],
  "tags": [],
  "duplicatedFromEntity": null,
  "metadata": {
    "index": "0",
    "createdAt": "1970-01-01T00:00:00.000Z",
    "lastUpdatedAt": "1970-01-01T00:00:00.000Z",
    "createdByRoleId": "44444444-4444-4444-4444-444444444444",
    "lastUpdatedByRoleId": "44444444-4444-4444-4444-444444444444",
    "editors": []
  },
  "reviewConfig": null,
  "collections": null,
  "type": "STEP",
  "description": null,
  "recordReviewConfig": null,
  "recordCollections": null,
  "subType": "DATA",
  "recordConfig": {
    "allowMultiple": false,
    "fields": {
      "Load Label Details": {
        "id": "6d8d8244-c892-4286-ad55-9053aa11d5e5",
        "type": "STRING",
        "value": null,
        "config": {},
        "dataType": "STRING"
      },
      "Thaw/Warm End Time / Date": {
        "id": "6c2cf29e-782d-4b69-82b0-59800c463203",
        "type": "DATETIME",
        "value": null,
        "config": {},
        "dataType": "DATETIME"
      },
      "Waterbath Temperature °C": {
        "id": "88511fb0-6f3e-4cab-9cc9-bfd3d4a75df6",
        "type": "NUMBER",
        "value": null,
        "config": {},
        "dataType": "NUMBER"
      },
      "Thaw/Warm Start Time / Date": {
        "id": "4500849c-c545-400a-996c-0c24fd18d085",
        "type": "DATETIME",
        "value": null,
        "config": {},
        "dataType": "DATETIME"
      },
      "Volume of Load material (mL)": {
        "id": "bb8fc461-eedd-4356-bdb4-803b7f4c3fb1",
        "type": "NUMBER",
        "value": null,
        "config": {},
        "dataType": "NUMBER"
      },
      "Temp of Load °C (Range 17-23°C)": {
        "id": "fe8f4ad1-e66c-4f9c-94a3-9ffe64f053c0",
        "type": "NUMBER",
        "value": null,
        "config": {},
        "dataType": "NUMBER"
      },
      "Load material storage conditions °C": {
        "id": "1f1d8c34-3721-4c97-9762-a8be89f3df20",
        "type": "NUMBER",
        "value": null,
        "config": {},
        "dataType": "NUMBER"
      }
    },
    "pageContent": [
      {
        "id": "25578f78-022a-4588-ba17-41bbf46f6f5e",
        "type": "p",
        "align": "justify",
        "children": [
          {
            "text": "Obtain the Sartobind Q Load and record the following information."
          }
        ]
      },
      {
        "id": "ce8cd6e0-15a8-4ed3-a11c-0e4fd74770c9",
        "type": "field",
        "fieldId": "6d8d8244-c892-4286-ad55-9053aa11d5e5",
        "children": [
          {
            "text": ""
          }
        ]
      },
      {
        "id": "f610f251-c1c1-4a2a-8398-c37f599de8ea",
        "type": "p",
        "children": [
          {
            "text": "\n"
          }
        ]
      },
      {
        "id": "88f52087-a1e4-4287-bc63-428ec8f8f40f",
        "type": "p",
        "align": "justify",
        "children": [
          {
            "text": "Load ELN Reference: MA - Scanned into ELN (Tick) "
          }
        ]
      },
      {
        "id": "0ee2cb78-9d5c-4366-b0d1-6bd344cef3f1",
        "type": "field",
        "fieldId": "1f1d8c34-3721-4c97-9762-a8be89f3df20",
        "children": [
          {
            "text": ""
          }
        ]
      },
      {
        "id": "f96a202b-d603-4b7a-b6b0-37f862479e8f",
        "type": "p",
        "children": [
          {
            "text": "Thaw in a recirculating waterbath set at 20°C."
          }
        ]
      },
      {
        "id": "a56e0201-8f53-4872-ade8-65d717e128f6",
        "type": "field",
        "fieldId": "4500849c-c545-400a-996c-0c24fd18d085",
        "children": [
          {
            "text": ""
          }
        ]
      },
      {
        "id": "237322a1-307f-4ab3-9f9f-841b08864a6e",
        "type": "field",
        "fieldId": "88511fb0-6f3e-4cab-9cc9-bfd3d4a75df6",
        "children": [
          {
            "text": ""
          }
        ]
      },
      {
        "id": "556ea876-b500-48f7-8e6e-107cd2f527f5",
        "type": "p",
        "align": "justify",
        "children": [
          {
            "text": "Waterbath: EQ - Scanned into ELN (Tick) "
          }
        ]
      },
      {
        "id": "b8b52fd9-026a-471a-8dc7-2d79c6361c04",
        "type": "p",
        "children": [
          {
            "text": ""
          }
        ]
      },
      {
        "id": "45b7750d-c232-477a-a148-195e6859d9ff",
        "type": "field",
        "fieldId": "6c2cf29e-782d-4b69-82b0-59800c463203",
        "children": [
          {
            "text": ""
          }
        ]
      },
      {
        "id": "46ef413f-fefe-4303-a277-308efb8c2383",
        "type": "field",
        "fieldId": "fe8f4ad1-e66c-4f9c-94a3-9ffe64f053c0",
        "children": [
          {
            "text": ""
          }
        ]
      },
      {
        "id": "75e1823b-8b17-4123-bdd4-224ee11cb893",
        "type": "p",
        "align": "justify",
        "children": [
          {
            "text": "Thermometer: EQ - Scanned into ELN (Tick)  "
          }
        ]
      },
      {
        "id": "21e3a7c8-bcf5-4f7c-a77c-332a4b7bcb77",
        "type": "field",
        "fieldId": "bb8fc461-eedd-4356-bdb4-803b7f4c3fb1",
        "children": [
          {
            "text": ""
          }
        ]
      }
    ]
  },
  "tableView": {
    "properties": [
      {
        "id": "396577ba-00de-4695-b052-22ca6fe4603b",
        "type": "FIELD",
        "fieldId": "6d8d8244-c892-4286-ad55-9053aa11d5e5"
      },
      {
        "id": "b0829ccb-262d-49cc-b5ff-5f695296c58f",
        "type": "FIELD",
        "fieldId": "1f1d8c34-3721-4c97-9762-a8be89f3df20"
      },
      {
        "id": "602ff58a-b1cc-4db6-980f-e2400e989856",
        "type": "FIELD",
        "fieldId": "4500849c-c545-400a-996c-0c24fd18d085"
      },
      {
        "id": "f25a2fd7-9393-4b1e-923a-af0ab7feecb0",
        "type": "FIELD",
        "fieldId": "88511fb0-6f3e-4cab-9cc9-bfd3d4a75df6"
      },
      {
        "id": "4abc65b4-d80f-45e1-8c16-02fecf05cb3c",
        "type": "FIELD",
        "fieldId": "6c2cf29e-782d-4b69-82b0-59800c463203"
      },
      {
        "id": "64d7ec49-f103-4819-86af-78c73ebf5de9",
        "type": "FIELD",
        "fieldId": "fe8f4ad1-e66c-4f9c-94a3-9ffe64f053c0"
      },
      {
        "id": "e8fbb9d4-b75f-48fd-8abe-a7acd0b4d0d2",
        "type": "FIELD",
        "fieldId": "bb8fc461-eedd-4356-bdb4-803b7f4c3fb1"
      }
    ]
  }
}